id,app,MB used
10001,Instagram,784.2
10001,Wikipedia,250.97
10001,Amazon,328.09
10001,Twitter,358.73
10001,Snapchat,235.42
10002,Amazon,484.03
10002,Spotify,676.17
10002,Venmo,451.37
10002,Instagram,123.15
10003,Spotify,743.96
10003,Gmail,891.71
10003,Amazon,727.89
10004,Google,718.45
10004,Wikipedia,716.02
10004,Yahoo,248.62
10004,Instagram,333.76
10004,Wix,634.92
10005,Amazon,416.4
10005,Google,696.57
10006,Bigcommerce,759.61
10006,Yahoo,751.82
10006,Instagram,720.98
10007,Amazon,266.31
10007,Netflix,220.55
10007,Spotify,343.47
10007,Bing,770.62
10009,Gmail,607.96
10009,Blogspot,675.11
10009,Instagram,145.19
10009,Venmo,519.56
10009,Yahoo,400.05
10010,Venmo,122.06
10010,Whatsapp,499.91
10010,Wix,97.82
10010,Bigcommerce,223.88
10011,Netflix,248.45
10011,Bing,242.02
10013,Netflix,733.27
10013,Twitter,386.3
10013,Gmail,540.08
10013,Blogspot,736.67
10013,Bigcommerce,114.61
10014,Wikipedia,97.01
10014,Gmail,59.86
10014,Bing,238.61
10014,Reddit,574.7
10014,Facebook,589.73
10014,Snapchat,347.24
10015,Bing,349.81
10015,Netflix,155.03
10015,Wix,565.63
10015,Venmo,495.02
10016,Snapchat,887.02
10016,Reddit,178.87
10016,Google,742.36
10016,Venmo,805.06
10016,Bigcommerce,315.71
10017,Whatsapp,690.24
10017,Instagram,798.77
10017,Venmo,439.52
10018,Amazon,247.58
10018,Twitter,635.07
10018,Snapchat,365.15
10018,Bing,398.35
10019,Twitter,584.92
10019,Spotify,196.28
10019,Netflix,579.03
10019,Whatsapp,658.91
10019,Blogspot,588.2
10019,Venmo,232.46
10020,Yahoo,801.23
10020,Snapchat,235.09
10020,Whatsapp,124.02
10020,Netflix,667.94
10020,Venmo,834.73
10021,Bigcommerce,895.98
10021,Snapchat,470.6
10021,Bing,269.46
10021,Youtube,550.85
10021,Venmo,636.92
10021,Yahoo,503.52
10021,Twitter,104.05
10021,Netflix,87.68
10022,Bing,405.74
10022,Venmo,422.98
10022,Wikipedia,689.79
10023,Spotify,471.03
10023,Wix,701.77
10023,Gmail,221.27
10023,Netflix,546.42
10023,Google,460.29
10024,Venmo,260.48
10024,Wikipedia,842.94
10024,Google,477.97
10025,Gmail,419.37
10025,Twitter,547
10025,Netflix,444.65
10025,Youtube,347.94
10025,Blogspot,865.36
10025,Google,610.52
10025,Facebook,316.81
10026,Blogspot,675.93
10026,Youtube,775.12
10026,Spotify,767.56
10026,Wikipedia,604.36
10026,Gmail,343.55
10027,Snapchat,326.29
10027,Spotify,91.84
10027,Youtube,695.07
10027,Twitter,121.72
10027,Instagram,403.64
10027,Whatsapp,809.47
10027,Facebook,209.94
10028,Snapchat,296.61
10028,Facebook,450.82
10028,Bing,589.08
10028,Youtube,383.42
10029,Yahoo,562.03
10029,Spotify,364.25
10029,Amazon,516.52
10029,Netflix,591.22
10029,Wikipedia,662.31
10029,Instagram,348.95
10029,Reddit,837.38
10030,Youtube,555.61
10030,Wix,546.42
10030,Instagram,819.86
10030,Google,866.28
10030,Whatsapp,529.22
10030,Spotify,755.2
10031,Instagram,792.98
10031,Bigcommerce,406.15
10031,Twitter,350.05
10031,Snapchat,66.15
10031,Facebook,750.56
10031,Spotify,710.66
10032,Whatsapp,357.72
10032,Netflix,374.51
10032,Youtube,304.73
10032,Reddit,77.17
10032,Amazon,677.2
10032,Bing,411.63
10032,Wikipedia,782.01
10033,Bing,558.44
10033,Reddit,238.42
10033,Snapchat,430.5
10033,Whatsapp,696.61
10034,Bigcommerce,655.68
10034,Bing,650.74
10034,Twitter,204.31
10035,Twitter,827.21
10035,Wix,419.97
10035,Venmo,294.04
10035,Bing,424.09
10035,Wikipedia,226.9
10035,Reddit,455.33
10036,Whatsapp,827.8
10036,Bing,686.69
10036,Netflix,204.56
10036,Wikipedia,676.86
10036,Bigcommerce,710.84
10037,Wikipedia,674.19
10037,Facebook,151.34
10037,Yahoo,596.74
10037,Twitter,582.48
10037,Netflix,610.15
10038,Whatsapp,790.48
10038,Gmail,250.9
10038,Youtube,749.43
10038,Wix,412.89
10039,Twitter,670.22
10039,Bigcommerce,874.64
10039,Snapchat,312.55
10039,Amazon,365.34
10039,Netflix,197.47
10039,Blogspot,610.94
10040,Bigcommerce,360.28
10040,Twitter,783.45
10040,Reddit,440.66
10041,Twitter,314.65
10041,Netflix,231.51
10041,Wix,456.14
10042,Twitter,604.92
10042,Youtube,887.37
10042,Bing,541.42
10042,Amazon,803.31
10042,Blogspot,890.31
10043,Netflix,560.63
10043,Google,445.66
10043,Reddit,773.34
10044,Yahoo,733.8
10045,Instagram,844.65
10045,Snapchat,310.95
10045,Facebook,298.59
10045,Spotify,843.81
10046,Youtube,476.19
10046,Bing,108.25
10046,Reddit,90.99
10046,Venmo,117.08
10046,Blogspot,146.64
10046,Wix,199.12
10046,Netflix,482.99
10047,Netflix,485.68
10047,Gmail,781.87
10047,Facebook,849.02
10047,Whatsapp,232.01
10047,Wikipedia,331.26
10048,Yahoo,588.88
10048,Bigcommerce,201.79
10048,Youtube,587.77
10048,Blogspot,432.62
10048,Gmail,290.52
10048,Twitter,505.43
10048,Reddit,377.46
10048,Amazon,462
10049,Google,696.92
10049,Bing,245.47
10049,Spotify,720.77
10049,Whatsapp,591.27
10049,Snapchat,468.33
10049,Facebook,463.51
10049,Gmail,811.05
10050,Spotify,601.06
10050,Google,229.55
10050,Whatsapp,158.63
10050,Blogspot,250.72
10050,Wikipedia,492.74
10050,Wix,373.75
10051,Blogspot,417.2
10051,Instagram,548.79
10051,Wikipedia,110.36
10051,Facebook,59.15
10052,Reddit,495.41
10052,Netflix,754.47
10052,Facebook,256.82
10052,Google,777.65
10052,Wix,777.82
10052,Whatsapp,626.81
10052,Blogspot,348.26
10052,Amazon,809.93
10053,Reddit,239.09
10053,Bigcommerce,426.14
10053,Facebook,817.97
10053,Bing,674.15
10053,Amazon,436.67
10053,Youtube,653.62
10054,Twitter,502.77
10054,Instagram,256.92
10055,Yahoo,152.44
10055,Blogspot,489.46
10055,Gmail,749.91
10055,Instagram,680.82
10055,Facebook,256.42
10055,Bing,330.23
10056,Twitter,609.33
10056,Facebook,130.53
10057,Instagram,97.65
10057,Facebook,716.54
10057,Blogspot,204.16
10058,Wikipedia,271.55
10058,Facebook,310.2
10058,Whatsapp,597.85
10058,Bigcommerce,427.33
10058,Youtube,417.86
10058,Instagram,710.69
10059,Wikipedia,679.06
10059,Bigcommerce,355.67
10059,Google,655.21
10059,Reddit,63.47
10059,Wix,232.8
10059,Gmail,459.67
10061,Twitter,793.16
10061,Blogspot,307.86
10061,Facebook,208.15
10061,Snapchat,584.61
10062,Facebook,195.15
10062,Wikipedia,359.49
10062,Amazon,503.24
10062,Bing,488.29
10062,Bigcommerce,897.15
10062,Netflix,76.18
10062,Twitter,669.51
10063,Wikipedia,856.2
10063,Facebook,570.72
10063,Yahoo,265.72
10064,Wix,56.06
10064,Gmail,831.03
10064,Netflix,521.39
10065,Bigcommerce,216.22
10065,Facebook,212.45
10066,Youtube,834.82
10066,Amazon,817.08
10066,Instagram,64.36
10067,Wikipedia,95.24
10067,Wix,810.57
10067,Google,107.06
10067,Reddit,808.21
10067,Snapchat,235.7
10068,Wix,75.32
10068,Yahoo,772.19
10068,Instagram,168.87
10069,Whatsapp,502.88
10069,Amazon,363.47
10069,Twitter,609
10069,Reddit,817.86
10069,Spotify,229.92
10069,Venmo,692.41
10069,Wix,781.51
10070,Snapchat,369.14
10070,Reddit,51.53
10070,Blogspot,287.8
10070,Bing,880.59
10070,Spotify,668.61
10070,Bigcommerce,323.51
10071,Twitter,754.53
10071,Netflix,839.88
10071,Snapchat,619.45
10071,Youtube,713.74
10073,Bing,353.45
10074,Gmail,515.1
10074,Wix,286.54
10074,Yahoo,399.08
10074,Wikipedia,212.68
10074,Amazon,852.22
10074,Youtube,765
10075,Wix,691.25
10075,Amazon,742.1
10075,Blogspot,821.55
10075,Bing,872.38
10075,Whatsapp,106.94
10075,Twitter,724.38
10076,Gmail,359.9
10076,Twitter,453.39
10076,Netflix,420.5
10076,Wix,472.87
10076,Snapchat,337.26
10077,Wikipedia,62.1
10077,Google,248.01
10077,Snapchat,639.54
10077,Amazon,387.29
10077,Whatsapp,655.85
10077,Bing,743.62
10078,Google,268.1
10078,Snapchat,686.85
10078,Whatsapp,741.28
10079,Wix,753.51
10079,Instagram,434.67
10080,Bigcommerce,473.4
10080,Facebook,252.11
10080,Spotify,327.51
10080,Bing,182.85
10080,Netflix,638.4
10080,Twitter,433.11
10080,Blogspot,243.54
10081,Amazon,211.59
10081,Bigcommerce,740.25
10081,Facebook,279.01
10082,Google,775.54
10082,Instagram,833.5
10082,Reddit,397.45
10082,Venmo,778.24
10083,Netflix,188.16
10083,Venmo,737.19
10083,Twitter,696.99
10083,Gmail,840.16
10083,Whatsapp,658.96
10083,Snapchat,349.4
10083,Google,288.75
10084,Wix,542.38
10084,Facebook,647.85
10085,Youtube,769.25
10085,Venmo,624.18
10085,Wix,330.33
10085,Bigcommerce,571.44
10086,Netflix,308.51
10086,Bing,55.23
10086,Bigcommerce,419.33
10087,Amazon,74.03
10087,Venmo,611.26
10087,Instagram,703.36
10087,Facebook,625.87
10088,Facebook,561.06
10088,Bing,534.28
10088,Twitter,842.29
10088,Blogspot,811.76
10088,Bigcommerce,74.51
10089,Yahoo,451.7
10089,Whatsapp,376.75
10090,Wikipedia,346.61
10090,Blogspot,74.38
10090,Bing,251.86
10090,Youtube,368.71
10091,Netflix,805.38
10091,Facebook,130.39
10091,Wix,689.56
10091,Yahoo,553.48
10092,Wix,878.81
10092,Spotify,420.43
10092,Amazon,730.1
10092,Gmail,708.17
10092,Youtube,290.47
10092,Yahoo,895.74
10092,Snapchat,74.83
10092,Instagram,890.71
10093,Whatsapp,224.33
10093,Google,245.69
10093,Reddit,617.78
10093,Venmo,505.85
10093,Gmail,790.83
10094,Youtube,177.32
10094,Gmail,314.03
10094,Netflix,566.71
10094,Google,436.42
10095,Bing,251.49
10095,Netflix,456.98
10095,Google,862.84
10096,Snapchat,455.25
10096,Wikipedia,87.33
10096,Blogspot,581.57
10096,Youtube,490.32
10097,Facebook,578.48
10097,Youtube,425.8
10097,Gmail,893.96
10098,Spotify,524.28
10099,Whatsapp,617.82
10099,Reddit,839.37
10099,Bing,93.5
10099,Instagram,555.22
10100,Gmail,525.57
10101,Bing,702.51
10101,Google,177.82
10101,Instagram,99.24
10101,Amazon,117.86
10101,Spotify,543.75
10102,Instagram,126.81
10102,Spotify,233.03
10102,Wix,88.36
10102,Reddit,432.9
10103,Netflix,464.39
10103,Gmail,757.71
10103,Bigcommerce,214.59
10103,Google,379.56
10103,Instagram,203.04
10103,Venmo,423.24
10103,Amazon,265.4
10103,Youtube,366.03
10104,Yahoo,627.14
10104,Netflix,261.52
10104,Reddit,649.78
10105,Blogspot,135.27
10105,Gmail,606.45
10105,Youtube,624.03
10105,Netflix,721.74
10106,Google,686.35
10106,Wix,654.68
10106,Youtube,855.83
10106,Snapchat,190.31
10106,Venmo,749.91
10107,Instagram,804.05
10107,Facebook,454.99
10107,Blogspot,554.47
10107,Yahoo,874.21
10107,Spotify,690.65
10108,Venmo,707.69
10108,Google,299.74
10108,Youtube,182.49
10109,Venmo,718.6
10109,Blogspot,133.35
10109,Instagram,181.11
10109,Yahoo,750.18
10110,Instagram,479.96
10110,Reddit,203.76
10111,Blogspot,549.58
10111,Snapchat,341.22
10111,Gmail,697.98
10111,Amazon,491.17
10111,Google,858.78
10111,Bigcommerce,740.46
10111,Spotify,115.79
10111,Yahoo,649.18
10112,Spotify,101.11
10112,Reddit,355.27
10112,Amazon,125.28
10112,Whatsapp,189.81
10112,Blogspot,169.3
10112,Wikipedia,93.27
10112,Yahoo,728.34
10112,Venmo,351.29
10113,Bing,819.89
10113,Blogspot,643.32
10113,Twitter,766.42
10113,Amazon,203.44
10114,Instagram,680.84
10114,Wix,81.98
10114,Yahoo,218.43
10114,Venmo,64.32
10114,Blogspot,807.52
10115,Reddit,151.66
10115,Yahoo,878.06
10115,Google,559.91
10115,Bing,634.21
10115,Venmo,131.71
10115,Blogspot,78.95
10116,Amazon,98.48
10116,Google,358.14
10116,Instagram,444.04
10116,Wix,698.89
10116,Youtube,628.14
10116,Whatsapp,572.28
10116,Bigcommerce,863.63
10117,Snapchat,575.49
10117,Whatsapp,767.97
10117,Bigcommerce,547.34
10117,Blogspot,562.2
10117,Youtube,560.05
10118,Youtube,664.94
10118,Bing,553.87
10118,Snapchat,294.49
10119,Venmo,606.79
10119,Reddit,309.77
10119,Facebook,95.13
10119,Blogspot,219.54
10119,Wix,730.78
10119,Gmail,351.35
10120,Twitter,682.86
10120,Gmail,420.74
10121,Facebook,75.44
10121,Bigcommerce,693.09
10122,Snapchat,88.72
10122,Twitter,433.61
10122,Venmo,721.45
10122,Gmail,229.65
10123,Spotify,760.59
10123,Gmail,614.35
10123,Whatsapp,295.97
10124,Yahoo,620.51
10124,Facebook,260.19
10124,Blogspot,229.78
10124,Spotify,130.08
10125,Venmo,795.59
10125,Wikipedia,810.66
10125,Google,531.15
10125,Amazon,316.11
10126,Youtube,273.57
10126,Venmo,661.18
10127,Youtube,804.91
10127,Facebook,595.99
10127,Wix,254.19
10127,Blogspot,97.42
10127,Netflix,223.38
10127,Spotify,668.55
10128,Bigcommerce,652.85
10128,Facebook,157.94
10128,Netflix,168.88
10128,Yahoo,678.32
10128,Venmo,483.88
10129,Instagram,453.46
10129,Yahoo,416.74
10130,Wikipedia,123.21
10130,Twitter,894.81
10130,Snapchat,531.79
10131,Blogspot,52.6
10131,Bing,241.11
10131,Yahoo,391.17
10131,Bigcommerce,680.86
10131,Spotify,166.74
10131,Amazon,658.1
10131,Google,314.84
10132,Whatsapp,401.7
10132,Gmail,696.95
10132,Google,512.3
10132,Venmo,740.58
10132,Wikipedia,340.37
10132,Facebook,251.26
10132,Wix,725.21
10133,Whatsapp,327.26
10133,Wikipedia,652.56
10133,Yahoo,536.44
10133,Facebook,521.53
10133,Twitter,824.61
10134,Wikipedia,661.36
10134,Twitter,456.97
10134,Youtube,298.17
10135,Bing,750.63
10135,Blogspot,827.12
10135,Netflix,322.78
10136,Google,359.91
10136,Reddit,297.42
10136,Twitter,315.45
10136,Snapchat,581.03
10136,Blogspot,889.14
10136,Bing,560.14
10136,Gmail,814.71
10137,Snapchat,768.65
10137,Bigcommerce,428.01
10137,Wikipedia,274.22
10137,Instagram,882.6
10137,Bing,823.35
10138,Wix,119.74
10138,Spotify,326.64
10139,Bigcommerce,143.18
10139,Amazon,454.4
10139,Spotify,53.72
10139,Wix,95.22
10139,Gmail,610.95
10139,Google,300.12
10140,Venmo,326.74
10140,Wikipedia,386.12
10140,Twitter,782.48
10140,Bing,705.1
10141,Yahoo,622.27
10141,Instagram,281.27
10141,Bigcommerce,569.84
10141,Gmail,57.27
10141,Bing,67.56
10142,Snapchat,316.75
10142,Youtube,56.19
10142,Wikipedia,763.19
10143,Reddit,245.29
10143,Bigcommerce,71.6
10143,Bing,759.44
10143,Snapchat,472
10143,Instagram,526.66
10144,Blogspot,475.89
10144,Snapchat,899.82
10144,Google,800.1
10144,Amazon,685.68
10145,Spotify,778.78
10145,Google,401.21
10145,Amazon,821.84
10145,Netflix,208.66
10145,Twitter,757.7
10145,Facebook,135.94
10146,Blogspot,401.35
10146,Whatsapp,159.09
10146,Bing,570.46
10147,Reddit,364.91
10147,Amazon,240.34
10147,Wikipedia,486.15
10147,Snapchat,254.15
10147,Bing,72.44
10147,Facebook,92.64
10147,Whatsapp,344.46
10148,Gmail,674.01
10148,Twitter,511.36
10148,Reddit,638.43
10148,Bing,643.93
10148,Google,846.31
10148,Amazon,804.98
10148,Yahoo,447.4
10149,Reddit,741.41
10150,Wix,784.13
10150,Bing,835.29
10150,Yahoo,87.73
10150,Facebook,241.27
10151,Snapchat,800.63
10151,Spotify,183.73
10151,Wix,331.37
10151,Netflix,568.74
10151,Whatsapp,654.42
10152,Spotify,706.13
10152,Twitter,870.06
10152,Bing,64.86
10153,Spotify,153.69
10153,Snapchat,610.12
10153,Blogspot,837.12
10153,Yahoo,190.32
10153,Gmail,634.48
10154,Yahoo,627.18
10154,Youtube,767.13
10154,Facebook,377.24
10154,Google,847.25
10156,Instagram,786.1
10156,Yahoo,178.13
10156,Reddit,113.44
10156,Wikipedia,507.97
10156,Google,436.73
10157,Gmail,308.25
10157,Spotify,259.23
10157,Twitter,95.53
10158,Yahoo,409.6
10158,Reddit,166.7
10158,Spotify,248.39
10158,Instagram,58.01
10158,Netflix,200.82
10158,Bigcommerce,455.41
10158,Blogspot,207.27
10159,Venmo,575.81
10159,Wix,386.05
10159,Twitter,445.76
10160,Wix,225.32
10160,Amazon,132.57
10160,Facebook,88.95
10160,Gmail,612.07
10161,Spotify,811.02
10161,Yahoo,441.44
10161,Instagram,335.77
10162,Amazon,118.57
10162,Youtube,437.77
10162,Whatsapp,792.95
10162,Venmo,394.69
10163,Wikipedia,760.47
10163,Snapchat,458.22
10163,Twitter,71.05
10163,Bing,91.66
10163,Reddit,697.7
10164,Netflix,572.74
10164,Whatsapp,538.44
10164,Bigcommerce,829.87
10164,Venmo,142.61
10164,Wikipedia,705.5
10164,Amazon,638.45
10165,Wix,523.4
10165,Netflix,586.77
10165,Amazon,685.94
10165,Instagram,653.64
10165,Google,94.47
10165,Yahoo,270.77
10165,Reddit,887.11
10166,Facebook,884.55
10166,Netflix,727.61
10166,Wix,52.48
10166,Venmo,147.42
10166,Youtube,154.87
10167,Whatsapp,613.4
10167,Venmo,279.57
10167,Youtube,343.37
10167,Reddit,423.45
10167,Amazon,284.06
10167,Yahoo,269.03
10168,Wix,734.38
10168,Amazon,154
10168,Reddit,736.5
10168,Wikipedia,623.95
10168,Gmail,59.16
10168,Spotify,495.19
10168,Netflix,256.5
10169,Amazon,765.86
10169,Gmail,430.92
10169,Netflix,443.99
10169,Youtube,249.67
10170,Reddit,643.67
10170,Bigcommerce,89.54
10170,Instagram,83.28
10170,Youtube,93.51
10170,Snapchat,874.14
10170,Twitter,538.82
10171,Wikipedia,365.16
10171,Whatsapp,454.72
10171,Venmo,598.77
10171,Gmail,768.43
10171,Snapchat,434.37
10171,Yahoo,284.07
10172,Wikipedia,764.4
10172,Google,195.79
10172,Reddit,862.1
10172,Bigcommerce,370.85
10172,Gmail,422.02
10173,Youtube,338.66
10173,Bigcommerce,366.8
10173,Wix,772.53
10173,Netflix,273.69
10174,Gmail,69.6
10174,Venmo,803.75
10174,Spotify,276.47
10174,Snapchat,759.43
10174,Bing,555.03
10174,Twitter,462.29
10175,Reddit,770.6
10175,Facebook,174.93
10176,Gmail,125.04
10176,Whatsapp,485.48
10177,Youtube,562.38
10177,Google,300.18
10177,Instagram,379.98
10177,Whatsapp,779.35
10178,Instagram,77.15
10178,Google,817.99
10178,Yahoo,170.88
10179,Snapchat,794.09
10179,Instagram,741.04
10179,Blogspot,892.9
10179,Bigcommerce,604.84
10180,Twitter,60.04
10180,Snapchat,310.5
10180,Netflix,137.22
10180,Bing,230.85
10180,Yahoo,752.33
10181,Twitter,775.57
10181,Venmo,343.61
10181,Instagram,217.23
10181,Reddit,492.92
10181,Facebook,142.99
10181,Whatsapp,714.85
10182,Reddit,316.85
10182,Wikipedia,75.86
10183,Blogspot,537.44
10183,Youtube,56.71
10184,Google,172.4
10184,Whatsapp,736.78
10184,Amazon,824.8
10185,Facebook,200.65
10185,Bing,765.22
10185,Wix,206.06
10185,Spotify,254.18
10185,Wikipedia,565.03
10186,Bigcommerce,374.19
10186,Facebook,555.5
10186,Youtube,428.94
10186,Whatsapp,698.4
10187,Wikipedia,720.9
10187,Amazon,565.8
10187,Twitter,789.52
10187,Blogspot,231.15
10187,Facebook,111.45
10188,Reddit,841.5
10188,Gmail,316.58
10188,Youtube,621.11
10189,Bigcommerce,800.11
10189,Gmail,488
10189,Whatsapp,554.72
10189,Yahoo,222.8
10189,Venmo,361.18
10189,Wix,765.52
10190,Venmo,381.53
10190,Yahoo,646.68
10190,Facebook,709.47
10190,Instagram,869.75
10190,Bigcommerce,85.98
10191,Wix,375.6
10191,Facebook,419.67
10191,Venmo,859.51
10191,Bigcommerce,444.32
10191,Blogspot,705.18
10191,Wikipedia,578.3
10191,Snapchat,126.94
10191,Yahoo,510.18
10192,Amazon,111.82
10192,Wix,772.94
10193,Venmo,163.06
10193,Bigcommerce,869.98
10193,Reddit,687.84
10193,Gmail,177.64
10193,Twitter,150.47
10193,Amazon,785.67
10194,Google,427.19
10194,Twitter,689.8
10195,Wix,232.98
10195,Spotify,727.94
10196,Gmail,596.71
10196,Youtube,349.95
10196,Yahoo,481.18
10196,Wikipedia,685.02
10196,Reddit,840.22
10197,Google,559.19
10197,Instagram,390.57
10197,Spotify,784.06
10197,Reddit,881.59
10198,Whatsapp,439.06
10198,Venmo,368.99
10198,Google,830.97
10198,Blogspot,294.37
10199,Wix,209.55
10199,Spotify,602.71
10199,Youtube,691.92
10200,Snapchat,377.76
10200,Yahoo,123.88
10200,Reddit,170.71
10200,Google,743.49
10201,Instagram,825.69
10201,Bing,892.28
10201,Yahoo,697.91
10201,Facebook,537.32
10201,Netflix,608.78
10201,Bigcommerce,787.46
10201,Wikipedia,224.88
10202,Youtube,354.61
10202,Snapchat,435.81
10202,Reddit,567.53
10202,Bing,322.85
10202,Twitter,366.76
10202,Yahoo,61.21
10203,Snapchat,562.44
10203,Wikipedia,834.96
10203,Instagram,728.49
10203,Whatsapp,377.2
10204,Blogspot,244.28
10204,Bigcommerce,530.03
10205,Bigcommerce,253.59
10205,Yahoo,620.34
10205,Instagram,721.66
10205,Bing,454.31
10205,Snapchat,417.47
10205,Spotify,811.43
10205,Facebook,279.9
10206,Netflix,458.19
10206,Spotify,292.88
10206,Youtube,626.37
10206,Yahoo,564.07
10207,Blogspot,746.28
10207,Reddit,120.93
10207,Netflix,728.41
10208,Bing,882.34
10208,Venmo,851.24
10209,Youtube,302.62
10209,Facebook,804.28
10209,Snapchat,62.67
10210,Youtube,477.91
10210,Amazon,467.63
10210,Blogspot,290
10210,Google,424.77
10210,Twitter,662.74
10211,Snapchat,397.66
10211,Spotify,875.94
10211,Whatsapp,797.84
10212,Whatsapp,454.6
10212,Youtube,144.67
10212,Bigcommerce,751.98
10212,Snapchat,622.17
10212,Spotify,145.07
10212,Venmo,231.86
10213,Amazon,364.75
10213,Google,186.52
10213,Venmo,94.86
10214,Google,598.89
10214,Bing,778.17
10214,Netflix,791.83
10215,Twitter,766.99
10215,Youtube,240.12
10215,Google,252.42
10216,Facebook,92.78
10216,Netflix,692.63
10216,Venmo,84.46
10216,Whatsapp,661.33
10216,Bigcommerce,691.72
10217,Venmo,408.49
10217,Amazon,683.06
10217,Facebook,579.92
10218,Wikipedia,392.67
10218,Amazon,495.04
10219,Whatsapp,486.29
10219,Venmo,446.81
10219,Spotify,186.36
10219,Blogspot,290.13
10219,Snapchat,638.02
10220,Spotify,299.99
10220,Netflix,580.25
10220,Twitter,424.45
10220,Reddit,845.4
10220,Gmail,314.63
10220,Wix,99.5
10221,Youtube,253.66
10221,Snapchat,442.47
10221,Netflix,265.24
10221,Spotify,454.48
10222,Whatsapp,72.25
10222,Wix,574.25
10222,Blogspot,601.78
10222,Bing,86.09
10222,Spotify,116.47
10223,Twitter,71.14
10223,Venmo,850.25
10223,Netflix,674.01
10223,Amazon,601.07
10223,Bigcommerce,809.05
10224,Bing,738.01
10224,Snapchat,560.21
10224,Netflix,233.65
10224,Reddit,70.22
10224,Instagram,867.51
10224,Twitter,677.81
10224,Gmail,115.34
10225,Venmo,803.25
10225,Reddit,630.85
10226,Bing,619.65
10226,Venmo,241.87
10226,Spotify,316.77
10226,Reddit,314.01
10227,Google,200.43
10227,Wix,829.67
10227,Gmail,450.55
10227,Blogspot,870.56
10228,Facebook,498.46
10228,Youtube,516.41
10228,Blogspot,720.46
10228,Google,56.81
10228,Wix,397.84
10228,Yahoo,375.47
10228,Venmo,849.23
10228,Spotify,385.64
10229,Twitter,465.87
10229,Yahoo,840.54
10229,Bigcommerce,84.45
10229,Youtube,465.97
10229,Whatsapp,886.25
10230,Blogspot,899.77
10230,Amazon,121.67
10230,Instagram,223.06
10230,Google,818.56
10230,Gmail,285.7
10230,Bigcommerce,284.66
10230,Netflix,260.95
10231,Instagram,355.97
10231,Snapchat,720.31
10231,Google,623.95
10232,Google,378.06
10232,Facebook,487.56
10232,Bigcommerce,651.04
10233,Whatsapp,370.54
10233,Bing,401.69
10233,Facebook,212.53
10233,Wikipedia,104.82
10233,Amazon,186.09
10233,Instagram,568.02
10234,Bigcommerce,657.23
10234,Youtube,493.23
10234,Netflix,195.64
10234,Bing,466.91
10235,Google,693.14
10235,Whatsapp,167.96
10235,Bing,277.48
10236,Instagram,523.38
10236,Amazon,259.43
10236,Venmo,202.97
10236,Whatsapp,254.73
10236,Bing,315.38
10236,Facebook,446.45
10237,Snapchat,176.42
10237,Yahoo,165.98
10237,Google,434.07
10237,Reddit,355.96
10238,Instagram,420.58
10238,Yahoo,646.94
10238,Bigcommerce,711.36
10238,Wix,357.65
10239,Google,531.51
10239,Spotify,327.73
10239,Blogspot,324.78
10239,Yahoo,568.21
10239,Whatsapp,739.52
10239,Venmo,794.9
10240,Facebook,832.21
10240,Yahoo,331.52
10240,Blogspot,118.08
10240,Bigcommerce,146.13
10240,Google,642.36
10240,Netflix,519.01
10240,Whatsapp,868.85
10240,Venmo,771.59
10241,Yahoo,57.83
10241,Bing,206.63
10241,Bigcommerce,776.38
10241,Wikipedia,771.16
10241,Youtube,438.67
10242,Amazon,375.97
10242,Twitter,871.08
10242,Venmo,87.69
10242,Yahoo,302.41
10242,Snapchat,672.14
10243,Whatsapp,869.97
10243,Wikipedia,651.74
10243,Snapchat,186.77
10244,Instagram,238.57
10244,Blogspot,879.59
10244,Facebook,520.48
10244,Reddit,246.71
10244,Wikipedia,730.41
10245,Snapchat,715.58
10245,Wikipedia,227.81
10246,Yahoo,689.68
10246,Netflix,124.67
10246,Reddit,295.03
10246,Youtube,649.86
10247,Youtube,671.74
10247,Spotify,213.45
10247,Reddit,681.14
10249,Netflix,343.84
10249,Yahoo,330.05
10249,Gmail,471.81
10249,Whatsapp,716.86
10249,Venmo,265.27
10249,Twitter,143.6
10249,Bing,896.39
10250,Wikipedia,632.65
10250,Bing,395.95
10250,Youtube,565.19
10250,Amazon,350.14
10251,Spotify,217.95
10251,Instagram,677.74
10251,Wix,242.69
10251,Gmail,784.79
10251,Youtube,747.62
10252,Blogspot,150.19
10252,Wikipedia,669.45
10252,Instagram,382.28
10252,Yahoo,480.88
10253,Reddit,504.64
10253,Snapchat,601.24
10253,Instagram,898.92
10253,Facebook,475.99
10253,Whatsapp,540.86
10253,Venmo,660.45
10253,Twitter,259.59
10253,Gmail,354.83
10254,Instagram,83.82
10254,Bigcommerce,614.63
10255,Wix,858.69
10255,Venmo,186.72
10255,Whatsapp,523.7
10255,Blogspot,588.28
10255,Facebook,338.78
10256,Wikipedia,248
10256,Instagram,112.76
10256,Wix,158.06
10256,Twitter,820.04
10257,Instagram,395.91
10257,Twitter,754.85
10258,Bing,851.78
10258,Bigcommerce,882.62
10258,Wix,648.45
10258,Amazon,468.15
10259,Bigcommerce,99.27
10259,Snapchat,746.57
10259,Twitter,121.22
10259,Wikipedia,803.94
10260,Netflix,597.59
10260,Whatsapp,413.1
10260,Venmo,842.23
10260,Blogspot,738.14
10261,Facebook,665.58
10261,Bing,636.57
10262,Spotify,179.56
10262,Facebook,136.59
10262,Bigcommerce,98.02
10262,Instagram,487.17
10262,Yahoo,437.24
10262,Gmail,562.76
10262,Wikipedia,816.54
10263,Bing,458.81
10263,Google,730.86
10263,Facebook,352.6
10263,Blogspot,380.79
10263,Instagram,745.31
10264,Gmail,413.26
10264,Amazon,353.46
10264,Bing,544.38
10264,Facebook,799.44
10264,Youtube,623.52
10264,Venmo,760.01
10265,Blogspot,791.74
10265,Wikipedia,650.19
10265,Spotify,391.74
10265,Venmo,285.86
10266,Whatsapp,373.88
10266,Bigcommerce,730.01
10267,Netflix,439.8
10267,Venmo,892.19
10267,Gmail,290.2
10267,Yahoo,210.16
10267,Wikipedia,138.64
10267,Bing,747.06
10268,Yahoo,823.45
10268,Instagram,237.52
10268,Twitter,523.19
10269,Reddit,587.8
10269,Facebook,402.27
10270,Wikipedia,383.38
10270,Youtube,884.94
10270,Netflix,680.05
10270,Facebook,220.2
10270,Google,598.98
10270,Twitter,203.14
10271,Gmail,200.31
10271,Instagram,762.52
10271,Facebook,892.97
10272,Facebook,290.89
10272,Youtube,183.39
10272,Snapchat,94.75
10272,Bigcommerce,476.47
10272,Twitter,819.95
10273,Google,95.15
10273,Netflix,324.24
10273,Yahoo,554.09
10274,Gmail,224.15
10274,Blogspot,511.06
10274,Amazon,53.88
10274,Wix,859.81
10275,Reddit,636.06
10275,Facebook,588.79
10275,Google,480.32
10275,Netflix,787.84
10276,Bigcommerce,563.53
10276,Facebook,228.56
10276,Wikipedia,106.61
10276,Venmo,99.13
10276,Wix,207.62
10277,Twitter,369.29
10277,Amazon,58.18
10277,Instagram,239.18
10277,Whatsapp,372.46
10277,Venmo,859.48
10277,Yahoo,518.58
10278,Whatsapp,322.36
10278,Amazon,692.69
10278,Gmail,254.32
10279,Venmo,804.18
10279,Google,487.93
10279,Whatsapp,64.02
10279,Facebook,475.61
10279,Snapchat,815.62
10279,Spotify,807.24
10279,Yahoo,608.39
10280,Youtube,766.8
10280,Venmo,764
10280,Spotify,521.45
10280,Amazon,499.76
10281,Google,63.09
10281,Netflix,207.82
10281,Blogspot,835.88
10281,Amazon,740.03
10282,Bigcommerce,787.93
10282,Wikipedia,861.37
10282,Wix,357.23
10282,Netflix,832.86
10282,Venmo,399.36
10282,Blogspot,837.99
10283,Snapchat,274.9
10283,Bing,513.55
10284,Reddit,456.34
10284,Wikipedia,78.63
10284,Netflix,234.17
10284,Twitter,609.16
10284,Yahoo,419.34
10284,Facebook,294.88
10285,Snapchat,315.86
10285,Reddit,696.5
10285,Wix,805.04
10285,Venmo,653.21
10285,Facebook,268.65
10285,Spotify,810.45
10286,Blogspot,791.03
10286,Amazon,417.74
10286,Venmo,455.26
10287,Amazon,553.74
10287,Yahoo,486.84
10287,Google,338.85
10287,Facebook,312.74
10287,Netflix,267.04
10288,Whatsapp,163.09
10288,Wikipedia,361.75
10288,Spotify,849.59
10288,Amazon,661.86
10288,Netflix,136.96
10288,Yahoo,422.63
10289,Blogspot,711.03
10289,Reddit,828.66
10290,Whatsapp,891.76
10290,Amazon,141.7
10290,Youtube,770.11
10290,Snapchat,63.09
10291,Twitter,258.01
10291,Instagram,691.2
10292,Twitter,166.14
10292,Wikipedia,454.78
10292,Instagram,178.23
10292,Youtube,786.59
10292,Snapchat,145.37
10292,Reddit,723.96
10293,Wikipedia,771.75
10293,Whatsapp,343.65
10293,Amazon,844.74
10294,Instagram,210.88
10294,Facebook,703.56
10295,Netflix,640.41
10295,Blogspot,306.44
10295,Amazon,234.1
10296,Bing,761.91
10296,Wix,110.1
10296,Venmo,696.38
10297,Snapchat,498.85
10297,Wix,519.72
10297,Wikipedia,707.57
10297,Twitter,341.87
10298,Bing,834.58
10298,Wix,120.61
10298,Facebook,618.96
10299,Snapchat,318.89
10299,Venmo,491.54
10299,Amazon,140.41
10299,Spotify,420.75
10300,Bing,446.15
10300,Twitter,849.27
10300,Reddit,322.86
10300,Google,416.21
10300,Wikipedia,630.45
10300,Yahoo,446.82
10300,Spotify,596.72
10301,Amazon,585.99
10301,Youtube,159.5
10301,Whatsapp,735.6
10301,Bing,155.15
10302,Venmo,473.52
10302,Bigcommerce,743.84
10302,Netflix,171.36
10302,Twitter,443.32
10302,Reddit,264.17
10303,Wix,132.73
10303,Wikipedia,456.73
10303,Bing,120.69
10303,Bigcommerce,683.09
10303,Whatsapp,187.94
10304,Venmo,739.4
10304,Yahoo,856.07
10304,Spotify,641.14
10304,Whatsapp,388.55
10304,Google,179.36
10305,Whatsapp,652.86
10305,Wikipedia,598.47
10305,Wix,512.86
10306,Youtube,220.25
10306,Wikipedia,547.82
10307,Wikipedia,421.5
10307,Gmail,813.68
10307,Snapchat,492.41
10307,Amazon,817.73
10307,Spotify,664.72
10308,Youtube,583.35
10308,Amazon,859.35
10308,Yahoo,491.98
10308,Whatsapp,487.01
10308,Facebook,585.82
10309,Google,335.9
10309,Youtube,429.96
10309,Reddit,261.03
10309,Spotify,192.97
10309,Whatsapp,573.45
10309,Wikipedia,757.92
10310,Instagram,485.05
10310,Bing,766.14
10310,Reddit,93.78
10310,Gmail,70.8
10311,Bing,280.98
10311,Instagram,793.65
10311,Wikipedia,435.79
10311,Google,874.95
10312,Snapchat,882.63
10312,Blogspot,359.83
10312,Wix,438.3
10312,Reddit,473.5
10312,Amazon,271.63
10312,Whatsapp,266.78
10313,Spotify,518.02
10313,Bing,730.67
10313,Twitter,516.18
10313,Youtube,396.22
10314,Youtube,475.37
10314,Spotify,811.78
10314,Google,819.11
10315,Wix,247.6
10315,Amazon,863.78
10315,Snapchat,190.49
10315,Twitter,243.76
10316,Wix,175.6
10316,Google,660.4
10316,Yahoo,692.53
10316,Instagram,615.73
10317,Yahoo,292.65
10317,Bigcommerce,667.14
10317,Spotify,118.64
10317,Instagram,377.84
10317,Amazon,504.55
10318,Twitter,284.59
10318,Wikipedia,118.75
10318,Wix,452.02
10318,Yahoo,710
10318,Gmail,585.97
10318,Reddit,289.92
10318,Amazon,151.87
10319,Gmail,812.86
10319,Bigcommerce,346.38
10319,Spotify,604.87
10319,Whatsapp,61.73
10320,Google,697.26
10320,Twitter,569.24
10320,Reddit,170.37
10320,Whatsapp,290.26
10320,Gmail,182.08
10321,Snapchat,616.17
10321,Bigcommerce,660.99
10321,Venmo,879.47
10321,Facebook,110.77
10321,Netflix,686.05
10322,Snapchat,394.63
10322,Netflix,668.59
10322,Wix,702.13
10322,Blogspot,710.32
10322,Wikipedia,825.64
10323,Bigcommerce,151.16
10323,Bing,653.41
10323,Reddit,585.59
10323,Blogspot,366.28
10323,Facebook,622.11
10323,Instagram,544.54
10323,Gmail,160.45
10324,Wikipedia,517.08
10324,Youtube,584.14
10324,Snapchat,50.03
10324,Yahoo,60.61
10324,Venmo,142.22
10324,Whatsapp,432.33
10324,Amazon,466.63
10324,Netflix,221.47
10325,Youtube,501.76
10325,Wikipedia,236.08
10325,Instagram,780.72
10325,Venmo,733.21
10325,Reddit,342.12
10325,Facebook,558.94
10325,Bing,835.87
10325,Wix,136.08
10325,Bigcommerce,673.15
10326,Yahoo,85.15
10326,Instagram,879.7
10326,Bing,806.52
10327,Reddit,110.92
10327,Whatsapp,592.61
10327,Wix,446.57
10327,Wikipedia,634.65
10327,Gmail,458.76
10327,Netflix,282.99
10328,Snapchat,488.04
10329,Amazon,428.12
10329,Gmail,258.09
10329,Blogspot,126.4
10330,Snapchat,799.04
10330,Google,862.74
10330,Youtube,720.3
10330,Wikipedia,834.82
10330,Gmail,686.09
10330,Reddit,866.67
10330,Bigcommerce,122.01
10331,Gmail,428.67
10331,Bigcommerce,697.54
10331,Facebook,729.82
10332,Bing,629.46
10332,Youtube,681.65
10333,Blogspot,471.09
10333,Twitter,357.43
10333,Reddit,327.22
10334,Bing,352.03
10334,Amazon,361.95
10334,Bigcommerce,782.47
10335,Bing,859.8
10335,Blogspot,652.68
10335,Bigcommerce,263.69
10335,Venmo,716
10335,Facebook,885.13
10335,Instagram,678.61
10335,Wikipedia,90.07
10335,Whatsapp,856.79
10336,Instagram,355.01
10336,Gmail,624.87
10336,Wix,424.16
10336,Reddit,373.53
10336,Twitter,438.97
10337,Whatsapp,590.34
10337,Snapchat,585.53
10337,Instagram,688.31
10338,Spotify,318.97
10338,Youtube,539.07
10338,Instagram,211.97
10338,Twitter,431.17
10339,Twitter,202.54
10339,Gmail,58.72
10339,Blogspot,247.81
10339,Whatsapp,310.6
10340,Wikipedia,183.71
10340,Reddit,100.41
10340,Blogspot,715.86
10340,Wix,547.94
10341,Google,321.07
10342,Wix,826.32
10342,Venmo,815.18
10343,Whatsapp,594.74
10343,Twitter,590.01
10343,Reddit,767.69
10343,Yahoo,490.53
10343,Bing,643.76
10343,Snapchat,455.48
10343,Youtube,818.35
10344,Youtube,432.13
10344,Gmail,819.86
10344,Instagram,351.85
10344,Snapchat,817.02
10345,Blogspot,729.94
10345,Yahoo,359.62
10345,Gmail,614.49
10345,Wikipedia,343.61
10345,Spotify,68.85
10345,Venmo,871.66
10346,Facebook,713.34
10346,Google,284.86
10346,Gmail,241.87
10346,Instagram,756.05
10347,Google,170.89
10347,Yahoo,776.51
10347,Netflix,72.54
10347,Instagram,284.25
10347,Blogspot,534.3
10347,Wix,795.46
10347,Gmail,211.11
10347,Wikipedia,858.68
10348,Spotify,347.21
10348,Google,113.21
10348,Venmo,221.47
10349,Gmail,850.62
10349,Reddit,253.27
10349,Instagram,63.73
10349,Youtube,859.5
10349,Snapchat,450.81
10349,Spotify,588.3
10350,Yahoo,215.2
10350,Youtube,545.57
10350,Twitter,135.95
10350,Netflix,559.68
10351,Spotify,184.59
10351,Instagram,105.76
10351,Snapchat,408.7
10351,Wikipedia,614.05
10351,Amazon,617.42
10351,Bigcommerce,609.4
10351,Netflix,52.8
10352,Twitter,622.32
10352,Netflix,192.97
10352,Blogspot,712.63
10352,Snapchat,768.04
10352,Venmo,495.67
10352,Whatsapp,508.84
10352,Youtube,720.55
10353,Whatsapp,130.08
10353,Reddit,564.65
10353,Facebook,181.54
10353,Yahoo,395.56
10354,Wix,814.44
10354,Google,187.64
10354,Amazon,435.76
10354,Snapchat,281.11
10354,Blogspot,741.65
10354,Venmo,881.56
10355,Wix,725.58
10355,Youtube,866.17
10356,Gmail,793.73
10356,Instagram,815.74
10356,Amazon,364.09
10356,Wix,613
10356,Spotify,126.95
10357,Twitter,57.4
10357,Whatsapp,565.63
10357,Google,307.79
10357,Bing,604.45
10358,Gmail,878.46
10358,Youtube,432.53
10358,Spotify,181.67
10358,Wix,326
10358,Yahoo,585.24
10359,Instagram,862.03
10359,Snapchat,810.16
10359,Bigcommerce,89.53
10360,Reddit,73.55
10360,Gmail,102.41
10360,Google,279.48
10360,Instagram,353.62
10361,Amazon,269.32
10361,Whatsapp,308.9
10361,Bing,808.88
10361,Spotify,689.95
10361,Youtube,280.07
10361,Netflix,878.97
10361,Twitter,334.88
10362,Snapchat,777.89
10362,Reddit,897.74
10362,Google,511.5
10363,Google,63.48
10364,Amazon,763.05
10364,Blogspot,341.7
10364,Snapchat,653.35
10364,Yahoo,693.25
10364,Bing,231.68
10365,Gmail,544.44
10365,Wikipedia,759.68
10365,Google,784.43
10365,Youtube,583.45
10365,Blogspot,367.03
10365,Twitter,141.07
10365,Facebook,612.3
10366,Blogspot,597.93
10366,Venmo,713.31
10366,Bing,135.88
10366,Bigcommerce,287.28
10367,Spotify,671.79
10367,Amazon,55.84
10367,Wikipedia,393.74
10367,Google,624.8
10367,Instagram,860.6
10367,Snapchat,388.43
10368,Bing,812.29
10368,Wix,387.69
10368,Twitter,780.59
10368,Google,719.02
10369,Netflix,125.27
10369,Amazon,212.44
10369,Bing,630.78
10370,Instagram,419.94
10370,Blogspot,402.43
10370,Wix,877.87
10370,Twitter,554.33
10371,Google,61.06
10371,Twitter,316.1
10371,Reddit,386.21
10371,Yahoo,108.56
10371,Blogspot,546.94
10372,Amazon,504.23
10372,Wix,715.51
10372,Blogspot,141.9
10372,Bigcommerce,196.05
10372,Venmo,716.12
10372,Google,828.25
10373,Venmo,346.26
10373,Bigcommerce,52.25
10373,Netflix,854.85
10373,Amazon,393.85
10373,Snapchat,260.94
10373,Wikipedia,102.63
10373,Spotify,379.28
10374,Gmail,665.19
10374,Bing,111.82
10374,Netflix,791.55
10374,Blogspot,327.35
10374,Bigcommerce,222.32
10375,Spotify,671.8
10375,Snapchat,338.54
10375,Twitter,709.38
10375,Wix,572.09
10375,Facebook,522.01
10376,Venmo,347.31
10376,Gmail,272.14
10376,Yahoo,710.24
10376,Spotify,60.82
10376,Bigcommerce,801.16
10376,Youtube,95.46
10376,Netflix,151.03
10376,Instagram,134.75
10377,Reddit,104.69
10377,Wikipedia,259.13
10377,Facebook,163.17
10377,Wix,132.82
10377,Bigcommerce,492.78
10377,Spotify,184.82
10377,Youtube,308.76
10378,Amazon,645.85
10378,Spotify,173.61
10378,Wix,226.26
10378,Snapchat,620.22
10378,Venmo,341.8
10379,Yahoo,97.98
10379,Bigcommerce,195.4
10379,Reddit,190.01
10379,Facebook,118.88
10379,Wix,249.15
10379,Youtube,509.91
10380,Twitter,499.93
10380,Reddit,250.16
10380,Blogspot,279.46
10380,Instagram,768.52
10381,Yahoo,441.36
10381,Amazon,561.01
10381,Twitter,131.21
10382,Spotify,874.13
10382,Facebook,453.46
10382,Snapchat,213.43
10382,Yahoo,616.56
10382,Netflix,126.06
10382,Wikipedia,626.75
10383,Amazon,684.81
10383,Bing,249.75
10383,Reddit,844.06
10383,Gmail,213.12
10383,Youtube,494.47
10384,Netflix,660.49
10384,Spotify,162.47
10384,Wikipedia,520.26
10384,Facebook,572.66
10385,Gmail,871.7
10385,Bing,812.58
10385,Blogspot,833.34
10385,Whatsapp,539.15
10385,Bigcommerce,785.04
10386,Google,653.79
10386,Wix,585.29
10386,Netflix,120.05
10386,Spotify,232.02
10387,Twitter,121.56
10387,Whatsapp,713.25
10387,Youtube,826.58
10388,Spotify,597.83
10388,Bigcommerce,508.42
10388,Bing,338.11
10388,Youtube,376.99
10388,Reddit,768.63
10388,Wix,812.05
10388,Gmail,895.66
10388,Amazon,145.18
10388,Netflix,500.96
10389,Google,63.64
10389,Whatsapp,784.37
10389,Reddit,432.52
10389,Instagram,476.15
10390,Twitter,219.6
10390,Wix,698.65
10390,Whatsapp,786.37
10390,Blogspot,371.8
10391,Bigcommerce,152.46
10391,Blogspot,576.19
10392,Amazon,736.73
10393,Spotify,218.46
10393,Gmail,260.45
10393,Venmo,691.75
10393,Wikipedia,136.78
10394,Gmail,388.62
10394,Bing,820.77
10394,Netflix,96.29
10394,Amazon,435.43
10395,Reddit,608.73
10395,Venmo,54.57
10395,Facebook,127.82
10395,Netflix,263.7
10396,Yahoo,779.75
10396,Bing,466.38
10396,Facebook,91.06
10396,Bigcommerce,164.47
10396,Wikipedia,472.12
10396,Netflix,667.38
10396,Reddit,343.29
10397,Wix,342.48
10397,Twitter,222.31
10397,Instagram,577.25
10398,Netflix,558.43
10398,Youtube,298.53
10398,Google,281.68
10398,Amazon,387.5
10398,Gmail,664.82
10399,Wikipedia,221.97
10399,Gmail,276.96
10399,Wix,459.41
10400,Venmo,767.99
10400,Netflix,107.22
10400,Gmail,230.57
10400,Bigcommerce,721.36
10401,Gmail,736.24
10401,Bing,643.13
10402,Reddit,873.13
10402,Google,306.91
10402,Whatsapp,810.78
10402,Yahoo,366.68
10403,Instagram,838.41
10403,Amazon,197.95
10403,Gmail,201.08
10403,Spotify,183.2
10403,Snapchat,447.76
10403,Wikipedia,839.82
10403,Netflix,422.76
10404,Bing,543.75
10404,Blogspot,701.62
10404,Venmo,174.63
10404,Youtube,614.61
10404,Spotify,116.42
10404,Whatsapp,762.24
10404,Facebook,880.55
10405,Facebook,575.02
10405,Yahoo,372.9
10405,Blogspot,839.52
10405,Wix,571.73
10406,Amazon,507.11
10406,Bigcommerce,784.96
10406,Gmail,257.99
10406,Youtube,52.95
10407,Twitter,782.36
10407,Spotify,102.08
10407,Reddit,675.62
10407,Instagram,783.56
10408,Bigcommerce,503.9
10408,Snapchat,266.58
10408,Gmail,316.9
10408,Amazon,208.04
10408,Bing,269.66
10409,Gmail,677.99
10409,Venmo,615.66
10409,Blogspot,535.2
10409,Instagram,225.99
10410,Reddit,562.91
10410,Twitter,719.34
10410,Facebook,816.61
10411,Yahoo,302.22
10411,Amazon,749.74
10411,Google,822.2
10411,Bigcommerce,434.06
10411,Netflix,486.06
10411,Wix,848.01
10411,Blogspot,763.33
10412,Twitter,877.2
10412,Instagram,889.22
10413,Instagram,579
10413,Snapchat,695.64
10413,Bing,677.68
10413,Reddit,700.97
10414,Instagram,273.56
10414,Youtube,695.23
10415,Yahoo,668.98
10415,Instagram,334.39
10415,Twitter,735.84
10416,Wix,481.79
10416,Bing,783.49
10416,Twitter,463.07
10416,Google,181.51
10416,Yahoo,58.57
10416,Wikipedia,205.28
10417,Facebook,562.58
10417,Snapchat,593.26
10417,Reddit,638.98
10418,Facebook,865.49
10418,Twitter,391.53
10418,Reddit,459.47
10418,Bigcommerce,341.15
10418,Snapchat,797.31
10418,Venmo,168.35
10419,Bigcommerce,314.91
10419,Wikipedia,241.92
10419,Snapchat,154.69
10420,Yahoo,412.08
10420,Reddit,147.03
10420,Snapchat,74
10420,Netflix,144.92
10420,Twitter,303.78
10421,Instagram,678.46
10421,Bing,264.63
10421,Venmo,521.12
10421,Whatsapp,253.03
10421,Gmail,831.27
10421,Twitter,332.21
10423,Instagram,212.69
10423,Whatsapp,526.79
10423,Venmo,678.59
10423,Blogspot,91.43
10424,Wikipedia,466.47
10424,Yahoo,763.49
10424,Netflix,192.94
10424,Gmail,256.41
10425,Blogspot,642.57
10425,Reddit,66.2
10425,Bigcommerce,668.73
10426,Google,758.15
10426,Bigcommerce,219.23
10427,Snapchat,316.59
10427,Twitter,507.65
10427,Bing,258.12
10427,Netflix,125.68
10427,Yahoo,579.89
10428,Youtube,550.12
10428,Wix,687.2
10428,Bing,595.06
10428,Venmo,130.68
10428,Gmail,850.16
10428,Bigcommerce,846.3
10428,Blogspot,301.67
10428,Netflix,295.46
10428,Spotify,290.29
10429,Snapchat,419.33
10429,Google,546.6
10429,Wikipedia,475.22
10430,Facebook,840.69
10430,Bigcommerce,596.43
10430,Blogspot,502.24
10431,Blogspot,574.8
10431,Youtube,419.58
10431,Bing,356.16
10432,Twitter,675.32
10432,Yahoo,242.36
10432,Reddit,140.04
10432,Netflix,281.88
10433,Wikipedia,61.29
10433,Amazon,586.94
10433,Twitter,286.87
10433,Instagram,460.85
10433,Spotify,458.41
10434,Facebook,464.13
10434,Bigcommerce,451.45
10434,Instagram,298.24
10434,Youtube,767.03
10434,Netflix,554.75
10434,Google,324.87
10435,Snapchat,736.24
10435,Blogspot,881.79
10435,Reddit,460.33
10435,Instagram,874.07
10435,Bing,655.03
10436,Gmail,878.1
10436,Whatsapp,712.33
10436,Netflix,716.63
10436,Blogspot,512.04
10436,Wix,621.01
10436,Bigcommerce,416.39
10436,Bing,320.05
10436,Wikipedia,187.7
10437,Youtube,710.12
10437,Amazon,395.89
10438,Venmo,837.73
10438,Reddit,82.89
10438,Youtube,861.11
10438,Google,159.58
10439,Bing,177.65
10439,Yahoo,475.02
10439,Gmail,593.09
10439,Wikipedia,361.11
10440,Gmail,350.78
10440,Venmo,317.85
10440,Wikipedia,181.94
10440,Spotify,351.29
10440,Youtube,203.38
10441,Snapchat,643.18
10441,Reddit,503.96
10441,Amazon,693.9
10441,Bigcommerce,67.12
10441,Venmo,384.1
10442,Instagram,403.27
10442,Bigcommerce,822.65
10442,Spotify,703.97
10442,Blogspot,457.82
10442,Youtube,542.19
10443,Snapchat,278.53
10443,Spotify,312.88
10443,Twitter,735.12
10443,Youtube,319.69
10443,Bing,255.78
10444,Reddit,809.1
10444,Google,419.82
10444,Wikipedia,656.45
10444,Whatsapp,808.47
10445,Google,826.75
10445,Spotify,749.85
10445,Amazon,167.82
10445,Instagram,399.89
10446,Google,455.59
10446,Wikipedia,544.91
10446,Bigcommerce,770.23
10447,Venmo,189.35
10447,Reddit,469.82
10447,Wix,432.25
10447,Spotify,122.43
10447,Facebook,664.7
10447,Youtube,496
10448,Whatsapp,760.87
10448,Youtube,110.45
10448,Wix,366.65
10448,Google,671.08
10448,Wikipedia,141.57
10449,Bing,578.72
10449,Snapchat,462.66
10449,Venmo,795.67
10449,Twitter,883.42
10449,Reddit,426.26
10450,Yahoo,239.03
10450,Amazon,446.81
10450,Whatsapp,529.79
10450,Snapchat,252.52
10450,Instagram,495.13
10450,Venmo,385.58
10450,Netflix,405.18
10451,Twitter,851.8
10451,Amazon,163.83
10451,Spotify,715.63
10451,Youtube,872.25
10451,Blogspot,236.38
10451,Yahoo,851.17
10452,Whatsapp,781.4
10452,Yahoo,778.75
10452,Netflix,217.78
10452,Spotify,301.93
10452,Instagram,190.29
10452,Bing,898.18
10452,Youtube,584.45
10453,Whatsapp,497.52
10454,Venmo,775.09
10454,Facebook,418.66
10454,Twitter,632.1
10454,Blogspot,593.03
10454,Spotify,98.92
10455,Spotify,774.96
10455,Twitter,111.59
10455,Bigcommerce,199.82
10455,Wix,575.44
10455,Yahoo,206
10456,Wikipedia,452.1
10456,Twitter,390.52
10456,Blogspot,418.04
10456,Yahoo,635.81
10456,Instagram,690.61
10456,Reddit,531.33
10457,Bing,694.66
10457,Snapchat,383.46
10457,Spotify,615.59
10457,Bigcommerce,92.65
10457,Wix,467.31
10457,Google,429.68
10458,Youtube,311.35
10458,Gmail,559.75
10458,Reddit,188.23
10458,Spotify,800.03
10458,Whatsapp,376.55
10458,Netflix,772.12
10459,Facebook,436.1
10459,Yahoo,598.03
10459,Blogspot,413.02
10459,Snapchat,891.91
10459,Instagram,842.2
10460,Google,356.74
10460,Netflix,365.98
10460,Wikipedia,672.97
10460,Bing,197.95
10460,Reddit,315.55
10460,Youtube,258.24
10461,Venmo,696.04
10461,Whatsapp,237.5
10461,Blogspot,681.29
10461,Netflix,472.35
10463,Wix,881.22
10463,Gmail,392.32
10463,Amazon,624.14
10464,Twitter,759.82
10464,Snapchat,354.16
10464,Youtube,275.14
10464,Facebook,814.24
10464,Instagram,239.47
10464,Reddit,235.38
10465,Instagram,868.6
10465,Facebook,412.52
10465,Snapchat,307.17
10465,Reddit,153.41
10466,Wikipedia,399.87
10466,Facebook,137.32
10466,Reddit,870.03
10466,Youtube,470.65
10467,Yahoo,518.59
10467,Whatsapp,580.71
10467,Netflix,565.66
10467,Gmail,218.69
10467,Wikipedia,679.76
10467,Google,256.66
10467,Wix,240.33
10468,Bing,316.13
10468,Spotify,589.54
10468,Reddit,573.26
10469,Venmo,506.25
10469,Bing,412.77
10469,Instagram,106.44
10469,Google,356.45
10470,Spotify,810.85
10470,Facebook,285.53
10470,Bigcommerce,663.16
10470,Gmail,498.25
10471,Blogspot,759.48
10471,Bing,313.97
10471,Whatsapp,236.74
10471,Gmail,146.39
10472,Instagram,679.75
10472,Wikipedia,304.94
10472,Amazon,565.08
10472,Gmail,685.8
10473,Reddit,643.44
10473,Venmo,893.41
10473,Twitter,691.87
10473,Bing,762.14
10473,Wix,757
10473,Snapchat,375.45
10473,Gmail,61.5
10473,Youtube,314.15
10474,Reddit,207.24
10474,Wix,783.58
10474,Wikipedia,783.7
10474,Spotify,487.47
10474,Bigcommerce,636.63
10474,Blogspot,864.47
10475,Google,340.82
10475,Wikipedia,676.39
10476,Yahoo,131.66
10476,Google,628.37
10476,Instagram,328.14
10477,Facebook,519.89
10477,Venmo,758.49
10477,Wix,124.36
10477,Youtube,437.88
10477,Gmail,362.22
10478,Youtube,227.64
10478,Wix,269.78
10478,Amazon,621.61
10479,Google,386.21
10479,Venmo,849.17
10479,Wikipedia,509.78
10480,Twitter,174.98
10480,Venmo,587.13
10480,Netflix,501.8
10480,Snapchat,221.89
10481,Bing,474.47
10482,Youtube,518.46
10482,Bigcommerce,431.58
10482,Gmail,688.41
10482,Bing,416.09
10482,Netflix,367.04
10482,Venmo,483.66
10482,Twitter,695.58
10483,Instagram,471.98
10483,Reddit,606.31
10483,Google,172.88
10483,Spotify,220.95
10483,Facebook,648.68
10484,Bigcommerce,531.63
10484,Bing,153.92
10484,Blogspot,411.17
10484,Yahoo,396.38
10484,Spotify,633.65
10485,Wix,401.29
10485,Netflix,680.65
10485,Twitter,171.95
10485,Gmail,598.04
10485,Whatsapp,574.55
10486,Wix,535.3
10486,Wikipedia,279.27
10486,Facebook,95.18
10486,Netflix,266.45
10486,Google,790.58
10486,Amazon,116.78
10487,Yahoo,625.52
10487,Amazon,725.93
10487,Wikipedia,204.54
10487,Youtube,246.13
10487,Whatsapp,899.48
10487,Twitter,472.98
10487,Snapchat,338.18
10487,Spotify,443.23
10488,Spotify,285.16
10488,Reddit,348.78
10488,Wikipedia,306.67
10488,Twitter,555.46
10488,Bigcommerce,417.25
10488,Bing,642.91
10489,Instagram,71.28
10489,Yahoo,634.54
10489,Amazon,612.9
10489,Twitter,426.44
10489,Blogspot,252.35
10489,Bing,250.99
10490,Wikipedia,413.6
10491,Facebook,450.46
10491,Snapchat,710.59
10491,Twitter,278.64
10491,Youtube,155.18
10491,Netflix,125.38
10491,Wix,403.96
10491,Bigcommerce,285.4
10491,Amazon,225.29
10491,Wikipedia,733.83
10492,Bigcommerce,384.54
10492,Spotify,321.76
10492,Bing,764.1
10492,Venmo,214.53
10492,Facebook,722.96
10493,Spotify,726.37
10493,Youtube,856.64
10493,Netflix,320.33
10495,Netflix,815.74
10495,Yahoo,638.88
10496,Blogspot,808.52
10496,Twitter,542.15
10496,Wix,249.78
10496,Facebook,610.86
10496,Gmail,766.4
10497,Blogspot,598.37
10497,Youtube,151.16
10498,Google,451.41
10498,Gmail,639.43
10498,Whatsapp,336.49
10498,Wix,601.81
10499,Twitter,874.83
10499,Instagram,99.62
10499,Whatsapp,813.77
10499,Wikipedia,740.03
10499,Bing,600.13
10499,Wix,307.7
10499,Bigcommerce,560.39
10500,Blogspot,590.34
10500,Snapchat,191.36
10500,Wix,596.28
10500,Whatsapp,880.36
10500,Facebook,84.17
10500,Bigcommerce,895.48
10500,Twitter,668.27
10501,Spotify,695.27
10501,Reddit,577.14
10501,Bing,868.1
10501,Wix,657.98
10502,Snapchat,418.36
10502,Amazon,159.91
10502,Yahoo,221.03
10502,Bing,858.27
10502,Instagram,484.67
10503,Gmail,667.08
10503,Amazon,630.15
10503,Instagram,513.93
10503,Bigcommerce,705.53
10504,Venmo,864.07
10504,Whatsapp,271.91
10504,Bigcommerce,434.7
10504,Facebook,458.35
10504,Youtube,486.91
10505,Wikipedia,368.72
10505,Gmail,147.68
10505,Snapchat,812.88
10505,Twitter,547.92
10505,Venmo,720.64
10506,Venmo,677.63
10506,Yahoo,898.02
10506,Amazon,134.02
10506,Whatsapp,585.14
10507,Venmo,792.94
10507,Wix,852.26
10507,Spotify,473.65
10507,Gmail,894.42
10507,Snapchat,94.85
10507,Amazon,237.66
10508,Instagram,656.66
10508,Yahoo,543.75
10508,Wix,418.86
10509,Reddit,196.88
10509,Venmo,158.8
10509,Google,572.49
10509,Spotify,835.15
10509,Amazon,778.22
10509,Bigcommerce,870.9
10510,Netflix,655.75
10510,Facebook,636.77
10510,Youtube,604.95
10510,Wix,252.11
10511,Yahoo,146.08
10511,Instagram,136.9
10511,Reddit,186.5
10512,Yahoo,700.96
10512,Wix,600.97
10513,Instagram,649.11
10513,Facebook,57.09
10513,Yahoo,428.38
10513,Twitter,714.45
10514,Amazon,732.11
10514,Facebook,384.92
10514,Yahoo,690.57
10514,Google,871.81
10514,Whatsapp,466.02
10515,Twitter,742.83
10515,Blogspot,120.62
10515,Yahoo,469.22
10515,Youtube,895.12
10515,Spotify,608.29
10515,Google,588.37
10516,Netflix,663.89
10516,Blogspot,336.35
10516,Venmo,390.23
10516,Google,851.57
10516,Yahoo,308.39
10517,Wix,295.77
10517,Whatsapp,709.55
10517,Gmail,650.06
10518,Bing,62.61
10518,Whatsapp,83.91
10518,Netflix,370.73
10518,Amazon,620.32
10518,Snapchat,533.19
10518,Yahoo,391.24
10518,Gmail,808.97
10519,Netflix,636.77
10519,Blogspot,640.27
10519,Venmo,799.4
10519,Whatsapp,292.6
10519,Facebook,216.96
10520,Bigcommerce,55.05
10520,Gmail,835.95
10520,Google,646.22
10520,Reddit,129.65
10520,Blogspot,122.1
10520,Twitter,863.98
10520,Youtube,77.18
10521,Bing,873.23
10521,Bigcommerce,630.92
10521,Twitter,332.9
10522,Bing,239.34
10522,Wikipedia,471.8
10522,Yahoo,401.15
10522,Bigcommerce,584.19
10523,Bing,732.31
10523,Venmo,282.48
10523,Spotify,377.32
10523,Blogspot,830.33
10524,Wix,881.64
10524,Reddit,235.62
10524,Gmail,698.91
10524,Twitter,831.35
10525,Yahoo,452.55
10525,Whatsapp,386.7
10525,Snapchat,125.87
10525,Amazon,683.58
10526,Bing,628.76
10526,Snapchat,723.16
10526,Amazon,402.44
10527,Bing,711.04
10527,Twitter,614.55
10528,Snapchat,653.57
10528,Gmail,717.88
10528,Facebook,769.1
10528,Google,247.43
10529,Bigcommerce,555.88
10529,Netflix,335.54
10529,Yahoo,521.14
10529,Bing,733.46
10530,Bigcommerce,697.5
10530,Blogspot,537.89
10530,Instagram,537.02
10530,Bing,366.89
10530,Facebook,179.88
10531,Blogspot,395.5
10531,Yahoo,62.38
10531,Google,818.29
10532,Netflix,514.13
10532,Wikipedia,328.14
10532,Facebook,373.79
10532,Snapchat,501.68
10532,Instagram,493.04
10532,Blogspot,716.22
10532,Reddit,602.56
10533,Youtube,689.65
10533,Wikipedia,114.57
10533,Yahoo,152.22
10534,Wikipedia,586.88
10534,Instagram,672.85
10535,Wikipedia,74.31
10535,Yahoo,256.85
10535,Blogspot,681.3
10535,Bigcommerce,855
10535,Instagram,363.5
10536,Gmail,797.46
10536,Twitter,64.09
10536,Youtube,251.58
10536,Netflix,97
10537,Amazon,727.82
10537,Gmail,798.43
10537,Wix,483.02
10537,Netflix,813
10538,Bing,200.16
10538,Google,405.88
10538,Reddit,280.73
10538,Wix,598.4
10538,Facebook,767.59
10538,Snapchat,330.39
10538,Amazon,233.55
10539,Whatsapp,769.01
10539,Wikipedia,190.64
10539,Netflix,874.22
10540,Google,831.16
10540,Netflix,776.23
10540,Reddit,671.94
10540,Bigcommerce,516.54
10541,Google,516.71
10541,Amazon,74.51
10541,Gmail,695.16
10541,Venmo,665.84
10541,Facebook,609.58
10542,Youtube,676.72
10542,Wix,688.95
10542,Bing,352.81
10542,Snapchat,239.77
10542,Facebook,624.41
10542,Whatsapp,268.54
10542,Reddit,747.18
10543,Twitter,171.3
10543,Youtube,542.37
10544,Reddit,749.01
10544,Spotify,662.59
10544,Google,85.62
10545,Twitter,443.67
10545,Venmo,247.51
10545,Instagram,317.72
10545,Google,785.68
10546,Bigcommerce,316.65
10546,Amazon,687.98
10546,Wix,121.8
10546,Youtube,864.62
10547,Wikipedia,147.28
10548,Spotify,585.39
10549,Google,689.93
10549,Youtube,143.35
10549,Twitter,606.91
10549,Amazon,806.47
10550,Whatsapp,682.74
10550,Gmail,741.08
10550,Reddit,406.8
10551,Google,364.9
10551,Instagram,427.07
10551,Amazon,463.68
10551,Spotify,745.69
10551,Wix,507.31
10551,Wikipedia,841.8
10551,Facebook,883.26
10552,Facebook,167.71
10553,Bigcommerce,870.3
10553,Whatsapp,876.88
10553,Netflix,571.56
10553,Snapchat,724.65
10553,Venmo,206.57
10554,Facebook,568.04
10554,Snapchat,684.92
10554,Yahoo,891.63
10554,Whatsapp,898.11
10554,Spotify,821.43
10555,Twitter,447.33
10555,Reddit,131.68
10555,Spotify,299.92
10555,Bing,623.17
10555,Wikipedia,104.23
10555,Whatsapp,645.32
10556,Yahoo,297.27
10556,Youtube,832.79
10556,Instagram,760.56
10556,Wix,136
10557,Netflix,186.36
10557,Blogspot,763.64
10557,Wix,154.05
10557,Gmail,375.46
10557,Bigcommerce,376.3
10558,Reddit,161.05
10558,Blogspot,443.67
10558,Bing,737.29
10558,Whatsapp,565.44
10558,Instagram,837.51
10558,Gmail,879.94
10559,Facebook,441.68
10559,Amazon,251.94
10560,Facebook,697.99
10560,Wikipedia,372.88
10560,Youtube,146.21
10560,Spotify,594.48
10561,Reddit,451.18
10561,Spotify,404.56
10561,Snapchat,498.1
10561,Google,221.07
10562,Amazon,655.71
10562,Netflix,349.24
10562,Blogspot,214.1
10562,Youtube,600.31
10562,Facebook,153.21
10563,Amazon,603.32
10563,Twitter,343.72
10563,Snapchat,793.98
10563,Blogspot,155.11
10563,Facebook,122.26
10563,Netflix,133.15
10564,Netflix,84.88
10564,Instagram,215.66
10564,Venmo,285.22
10564,Wix,567.44
10565,Google,699.86
10565,Venmo,104.08
10565,Youtube,776.31
10565,Bigcommerce,216.46
10565,Wix,366.97
10565,Spotify,236.49
10566,Bing,669.79
10566,Netflix,898.19
10566,Bigcommerce,659.72
10566,Blogspot,193.85
10566,Reddit,455.18
10566,Wix,757.58
10567,Whatsapp,508.27
10567,Google,603.55
10567,Amazon,595.92
10567,Venmo,344.08
10568,Google,782.62
10568,Amazon,850.54
10569,Venmo,67.54
10569,Whatsapp,225.63
10569,Bing,638.73
10569,Google,206.6
10569,Netflix,283.02
10570,Whatsapp,881.33
10570,Instagram,644.18
10571,Bigcommerce,260.9
10571,Youtube,768.06
10571,Venmo,567.47
10571,Facebook,376.11
10571,Blogspot,479.29
10571,Instagram,244.59
10572,Wix,835.15
10572,Spotify,163.79
10572,Bing,785.26
10572,Netflix,79.48
10573,Twitter,232.61
10573,Wix,244.62
10573,Spotify,479.44
10573,Reddit,791.51
10573,Youtube,542.88
10573,Whatsapp,632.58
10573,Amazon,776.78
10574,Whatsapp,366.08
10574,Gmail,284.31
10574,Wix,282.84
10574,Facebook,463.83
10574,Wikipedia,620.66
10575,Wix,199.59
10575,Reddit,894.94
10575,Gmail,885.99
10575,Yahoo,398.78
10575,Netflix,801.26
10575,Facebook,526.36
10575,Snapchat,622.32
10576,Yahoo,675.71
10576,Wix,703.35
10576,Gmail,161.01
10576,Netflix,585.21
10576,Amazon,607.76
10577,Whatsapp,243.47
10577,Instagram,280.81
10578,Blogspot,422.44
10578,Gmail,899.02
10578,Youtube,576.52
10578,Wikipedia,538.02
10578,Netflix,757.96
10579,Reddit,611.92
10580,Venmo,111.04
10580,Wikipedia,654.56
10580,Netflix,675.6
10580,Amazon,566.24
10581,Spotify,804.19
10581,Bing,778.78
10582,Wikipedia,683
10582,Gmail,223.4
10582,Google,87.5
10582,Yahoo,219.59
10582,Spotify,355.01
10582,Wix,858.66
10583,Amazon,419.65
10583,Google,861.1
10583,Whatsapp,152.67
10583,Youtube,412.33
10583,Facebook,425.17
10583,Bigcommerce,872.32
10583,Yahoo,518.94
10583,Instagram,550.59
10584,Snapchat,858.76
10584,Amazon,97.52
10584,Spotify,167.24
10585,Blogspot,524.09
10585,Wikipedia,773.2
10585,Gmail,649.51
10585,Netflix,819.37
10585,Bing,126.5
10586,Venmo,261.58
10586,Snapchat,590.48
10586,Gmail,868.12
10587,Twitter,191.17
10587,Netflix,796.08
10587,Spotify,312.88
10587,Bing,611.17
10587,Yahoo,67.97
10587,Venmo,733.7
10587,Whatsapp,193.21
10587,Instagram,439.89
10588,Facebook,192.5
10588,Instagram,187.24
10588,Youtube,420.29
10588,Blogspot,648.63
10588,Whatsapp,460.76
10588,Wix,783.28
10589,Amazon,503.39
10589,Youtube,672.4
10589,Wix,290.11
10589,Google,818.32
10589,Blogspot,354.11
10589,Instagram,590.38
10589,Venmo,889.1
10589,Netflix,877.44
10589,Snapchat,826.1
10590,Yahoo,51.31
10590,Wikipedia,402.87
10590,Bigcommerce,147.56
10590,Whatsapp,151.16
10591,Yahoo,568.14
10591,Bigcommerce,255.98
10591,Gmail,500.32
10591,Amazon,876.19
10591,Snapchat,221.62
10591,Spotify,130.24
10592,Snapchat,369.78
10592,Spotify,296.62
10592,Yahoo,276.35
10593,Wikipedia,504.4
10593,Twitter,297.79
10593,Bigcommerce,83.47
10593,Whatsapp,791.66
10593,Spotify,311.32
10594,Youtube,230.04
10594,Netflix,476.87
10594,Venmo,611.51
10594,Bing,664.84
10594,Spotify,814.06
10594,Blogspot,683.34
10594,Yahoo,352.54
10595,Blogspot,737.01
10595,Wix,145.14
10595,Reddit,636.07
10595,Facebook,183.5
10595,Bigcommerce,685.43
10595,Yahoo,565.56
10596,Google,889.82
10596,Amazon,399.03
10596,Venmo,418.13
10596,Wikipedia,819.25
10597,Snapchat,772.91
10598,Whatsapp,712.52
10598,Blogspot,735.72
10598,Amazon,614.72
10598,Bigcommerce,621.35
10599,Whatsapp,747.91
10599,Amazon,613.07
10599,Wikipedia,136.8
10599,Gmail,219.53
10599,Facebook,494.54
10600,Amazon,55.6
10600,Yahoo,191.05
10600,Reddit,885.4
10600,Wikipedia,297.27
10600,Blogspot,101.81
10601,Venmo,479.78
10601,Amazon,820.85
10601,Spotify,250.85
10601,Netflix,856.16
10601,Bigcommerce,432.78
10601,Twitter,626.13
10602,Twitter,359.82
10602,Whatsapp,865.7
10602,Instagram,625.31
10602,Venmo,462.58
10603,Google,267.04
10603,Venmo,690.86
10604,Twitter,213.67
10604,Yahoo,660.5
10604,Reddit,599.19
10604,Bigcommerce,357.19
10604,Amazon,126.78
10604,Snapchat,172.52
10605,Yahoo,297.5
10605,Wix,617.99
10605,Venmo,251.31
10605,Amazon,274.55
10605,Netflix,608.03
10605,Gmail,387.47
10606,Wikipedia,489.74
10606,Facebook,503.8
10606,Instagram,890.77
10607,Youtube,570.75
10607,Venmo,870.38
10607,Wix,386.07
10607,Spotify,895.81
10607,Blogspot,383.95
10607,Whatsapp,503.59
10607,Gmail,581.21
10608,Spotify,347.35
10608,Google,82.32
10608,Blogspot,550.4
10608,Bing,505.06
10608,Yahoo,789.77
10609,Whatsapp,847.74
10609,Twitter,464.51
10609,Yahoo,104
10609,Spotify,351.23
10609,Venmo,497.93
10610,Wikipedia,893.76
10610,Instagram,767.51
10610,Bigcommerce,536.1
10610,Netflix,118.77
10610,Yahoo,658.83
10611,Netflix,180.23
10611,Reddit,65.39
10611,Twitter,669.91
10611,Venmo,634.14
10612,Twitter,579.31
10612,Youtube,606.59
10612,Reddit,122.38
10613,Venmo,633.9
10613,Google,348.37
10613,Spotify,177.41
10614,Facebook,458.87
10614,Bing,615.16
10615,Bing,746.68
10615,Spotify,579.75
10615,Youtube,138.68
10616,Reddit,391.84
10616,Twitter,366.52
10616,Yahoo,153.3
10616,Spotify,874.92
10617,Instagram,486.45
10617,Wix,637.92
10617,Snapchat,79.22
10617,Youtube,215.56
10617,Spotify,706.43
10617,Facebook,304.95
10617,Venmo,88.49
10617,Reddit,193.85
10618,Wikipedia,821.55
10618,Wix,77.02
10620,Instagram,54.33
10620,Amazon,583.63
10620,Bing,286.15
10620,Facebook,67.87
10620,Whatsapp,207.32
10620,Wix,368
10620,Youtube,234.75
10620,Wikipedia,286.55
10621,Youtube,593.72
10621,Blogspot,699.5
10621,Bigcommerce,491.89
10621,Whatsapp,396.69
10621,Instagram,570.29
10622,Whatsapp,269.75
10622,Yahoo,681.63
10622,Snapchat,778.94
10622,Wix,213.9
10622,Youtube,479.37
10623,Spotify,477.45
10623,Bing,68.26
10623,Facebook,684.12
10623,Venmo,577.23
10623,Twitter,299.08
10624,Instagram,527.07
10624,Reddit,110.62
10624,Wix,120.26
10624,Google,95.46
10624,Gmail,493.3
10624,Youtube,390.16
10625,Google,246.38
10625,Wix,469.16
10626,Google,99.1
10626,Blogspot,873.69
10626,Venmo,384.99
10626,Wikipedia,279.37
10626,Wix,272.21
10626,Youtube,317.78
10626,Facebook,549.66
10626,Spotify,553.72
10627,Gmail,466.07
10627,Reddit,469.61
10627,Snapchat,397.62
10627,Bing,434.62
10628,Venmo,651.73
10628,Reddit,267.18
10628,Whatsapp,812.04
10628,Spotify,372.69
10628,Wix,569.78
10628,Youtube,718.83
10629,Instagram,448.29
10629,Blogspot,821.25
10629,Netflix,777.99
10629,Bing,857.45
10629,Amazon,714.2
10629,Facebook,56.46
10630,Snapchat,398.19
10630,Twitter,398.18
10630,Bigcommerce,404.16
10630,Whatsapp,289.91
10631,Wix,446.04
10631,Gmail,104.44
10631,Blogspot,696.72
10631,Yahoo,341.58
10631,Venmo,90.37
10631,Spotify,473.14
10632,Venmo,295.37
10632,Youtube,660.51
10632,Amazon,753.73
10632,Netflix,326.98
10632,Facebook,722.75
10633,Amazon,574.63
10633,Wikipedia,448.96
10634,Snapchat,374.11
10634,Google,854.08
10634,Netflix,534.05
10634,Wikipedia,205.26
10635,Wix,195.76
10635,Bing,885.2
10635,Amazon,243.02
10635,Bigcommerce,308.59
10635,Venmo,870.57
10636,Amazon,273.97
10636,Bigcommerce,774.83
10636,Snapchat,434
10636,Whatsapp,225.04
10637,Netflix,787.54
10637,Youtube,148.35
10637,Bigcommerce,879.41
10637,Blogspot,796.13
10638,Bigcommerce,406.86
10638,Netflix,70.83
10638,Gmail,808.96
10639,Gmail,213.35
10639,Bigcommerce,879.13
10639,Yahoo,598.43
10639,Wix,411.93
10639,Spotify,468.69
10640,Bigcommerce,778.03
10640,Wikipedia,773.88
10640,Youtube,808.46
10641,Gmail,317.19
10641,Twitter,778.89
10642,Instagram,89.48
10642,Snapchat,549.75
10642,Venmo,884.41
10642,Spotify,869.32
10642,Gmail,505.56
10642,Bing,265.75
10643,Whatsapp,242.07
10644,Instagram,50
10644,Blogspot,799.09
10644,Wix,141.64
10644,Venmo,514.83
10644,Bigcommerce,830.33
10645,Wikipedia,236.68
10645,Bigcommerce,736.02
10646,Snapchat,537.67
10646,Wix,305.11
10646,Reddit,137.92
10647,Blogspot,247.37
10647,Whatsapp,130.39
10648,Whatsapp,812.96
10648,Spotify,877.37
10648,Youtube,666.3
10648,Bing,772.59
10649,Bigcommerce,100.87
10649,Venmo,812.98
10649,Google,676.53
10650,Whatsapp,783.81
10650,Google,374.41
10650,Twitter,112.98
10650,Yahoo,521.06
10651,Twitter,579.83
10651,Snapchat,724.99
10651,Yahoo,413.49
10651,Gmail,79.33
10651,Blogspot,226.5
10652,Wikipedia,284.07
10652,Youtube,624.88
10652,Wix,503.59
10652,Facebook,723.7
10652,Instagram,233.72
10652,Netflix,701.72
10653,Wikipedia,193.05
10653,Yahoo,274.45
10653,Gmail,775.13
10654,Reddit,304.17
10654,Snapchat,252.85
10654,Netflix,528.81
10654,Google,665.07
10654,Venmo,810.97
10654,Twitter,626.05
10654,Gmail,729.67
10655,Bing,732.36
10655,Instagram,794.72
10655,Facebook,90.95
10655,Blogspot,314.16
10656,Facebook,464.35
10656,Venmo,203.14
10656,Spotify,760.74
10656,Wix,70.11
10656,Instagram,512.29
10656,Snapchat,85.13
10657,Netflix,616.99
10657,Youtube,704.17
10658,Reddit,67.03
10658,Netflix,138.08
10658,Amazon,850.13
10658,Snapchat,58.86
10658,Wikipedia,53.93
10658,Spotify,246.61
10658,Google,633.91
10659,Yahoo,604.98
10659,Blogspot,467.63
10659,Bing,287.04
10659,Snapchat,133.2
10659,Google,348.19
10659,Amazon,571.24
10659,Reddit,512.42
10659,Twitter,735.74
10659,Whatsapp,469.38
10660,Gmail,437.47
10660,Twitter,771.76
10660,Blogspot,96.53
10660,Reddit,437.84
10660,Amazon,771.5
10660,Snapchat,117.56
10660,Bing,647.59
10660,Whatsapp,352.42
10661,Gmail,521.87
10661,Wikipedia,669.2
10661,Netflix,149.48
10662,Bigcommerce,407.05
10662,Snapchat,372.58
10662,Blogspot,633.75
10663,Venmo,584.1
10663,Wikipedia,792.26
10663,Gmail,574.31
10663,Snapchat,889.15
10663,Twitter,819.44
10663,Reddit,180.34
10664,Bigcommerce,536.52
10664,Spotify,483.38
10664,Snapchat,60.3
10664,Netflix,146.06
10664,Whatsapp,766.5
10664,Yahoo,641.4
10665,Facebook,753.25
10665,Amazon,822.7
10665,Instagram,792.58
10665,Venmo,357.44
10665,Snapchat,898.69
10665,Reddit,397.3
10665,Wikipedia,273.94
10666,Facebook,839.85
10666,Reddit,244.99
10666,Blogspot,870.03
10666,Bing,331.05
10666,Bigcommerce,168.55
10667,Instagram,680.26
10667,Wix,812.36
10667,Google,525.91
10668,Netflix,540.81
10668,Reddit,173.39
10668,Venmo,422.69
10668,Bing,888.85
10668,Wix,267.76
10668,Instagram,611.39
10668,Spotify,304
10670,Spotify,74.18
10670,Google,421.46
10670,Blogspot,175.83
10670,Bing,352.37
10671,Reddit,453.39
10671,Bigcommerce,97.39
10671,Bing,760.44
10671,Wikipedia,411.27
10671,Venmo,198.73
10672,Reddit,652.54
10672,Youtube,193.74
10672,Wix,694.04
10672,Blogspot,611.68
10672,Whatsapp,501.33
10673,Yahoo,612.13
10673,Reddit,642.41
10673,Amazon,115.46
10674,Facebook,354.11
10674,Youtube,160.85
10674,Bing,195.83
10674,Wikipedia,727
10674,Bigcommerce,850.71
10675,Venmo,492.15
10675,Bigcommerce,224.08
10675,Twitter,94.67
10675,Gmail,877.57
10675,Reddit,477.4
10676,Spotify,503.02
10676,Instagram,664.67
10676,Bing,777.14
10676,Yahoo,605.45
10677,Gmail,243.57
10677,Bing,847.24
10677,Yahoo,799.71
10677,Wix,365.69
10677,Netflix,159.1
10677,Whatsapp,218.69
10678,Google,248.45
10678,Gmail,310.65
10679,Spotify,190.88
10679,Whatsapp,870.44
10679,Reddit,191.9
10680,Google,185.35
10680,Wikipedia,279.39
10680,Yahoo,428.1
10680,Netflix,481.82
10681,Facebook,887.65
10681,Whatsapp,414.87
10681,Venmo,664.88
10681,Gmail,321.27
10681,Netflix,729.3
10682,Blogspot,370.14
10682,Whatsapp,92.88
10682,Wix,779.93
10683,Bing,802.32
10683,Venmo,162.1
10683,Netflix,349.71
10683,Twitter,196.33
10684,Yahoo,129.15
10684,Bigcommerce,791.81
10684,Wix,860.05
10684,Google,733.29
10684,Facebook,385.21
10684,Spotify,485.5
10685,Blogspot,248.43
10685,Venmo,799.13
10685,Bigcommerce,447.71
10685,Bing,346.19
10685,Netflix,209.99
10685,Google,595.8
10685,Gmail,545.29
10686,Yahoo,379.19
10686,Netflix,307.65
10686,Wikipedia,71.78
10686,Amazon,628
10686,Spotify,523.9
10686,Reddit,269.13
10687,Snapchat,442.75
10687,Wix,277.66
10687,Twitter,116.63
10687,Facebook,71.87
10687,Netflix,725.9
10687,Venmo,152.11
10688,Bigcommerce,173.79
10688,Wikipedia,141.76
10688,Reddit,721.16
10688,Whatsapp,313.91
10688,Instagram,723.33
10689,Facebook,397.58
10689,Bigcommerce,447.56
10689,Google,281.66
10689,Bing,825.96
10690,Whatsapp,742.21
10690,Snapchat,777.05
10690,Blogspot,818.63
10690,Yahoo,888.47
10690,Amazon,819.22
10690,Facebook,357.57
10690,Wix,676.76
10690,Instagram,110.09
10690,Google,592.66
10691,Netflix,767.48
10691,Facebook,318.18
10691,Gmail,683.01
10691,Whatsapp,431.2
10691,Amazon,606.45
10691,Blogspot,464.93
10692,Blogspot,491.7
10692,Facebook,718.35
10692,Wikipedia,153.08
10693,Facebook,421.74
10693,Bing,330.55
10693,Bigcommerce,293.86
10693,Wix,174.75
10694,Google,835.85
10694,Bigcommerce,443.74
10694,Twitter,821.26
10694,Amazon,292.07
10694,Facebook,198.81
10695,Gmail,292.55
10695,Spotify,308.43
10695,Youtube,645.7
10696,Bing,674.54
10696,Snapchat,480.99
10697,Twitter,765.11
10697,Google,408.63
10697,Wikipedia,267.59
10698,Instagram,337.94
10698,Venmo,460.55
10698,Yahoo,867.32
10698,Wikipedia,300.96
10699,Facebook,214.5
10699,Youtube,553.08
10699,Twitter,890.6
10699,Google,157.64
10699,Reddit,208.47
10700,Wikipedia,172.4
10700,Blogspot,693.43
10700,Amazon,209.03
10700,Netflix,833.89
10700,Instagram,484.19
10701,Facebook,811.64
10701,Blogspot,783.65
10701,Google,126.32
10701,Wix,713.34
10701,Spotify,803.75
10701,Reddit,790.1
10702,Wix,473.04
10702,Twitter,284.21
10702,Yahoo,295.44
10702,Reddit,127.27
10702,Instagram,344.09
10702,Bing,634.14
10703,Google,268.5
10703,Blogspot,91.28
10703,Bing,250.31
10704,Netflix,384.36
10704,Yahoo,230.95
10705,Facebook,489.13
10705,Youtube,215.68
10705,Gmail,87.79
10705,Blogspot,394.2
10705,Google,357.9
10706,Bing,146.35
10706,Twitter,53.74
10706,Snapchat,700.36
10706,Youtube,231.8
10706,Google,543.22
10706,Venmo,299.6
10706,Whatsapp,379.79
10706,Amazon,400.11
10706,Yahoo,430.29
10707,Youtube,654.9
10707,Yahoo,729.82
10707,Snapchat,245.89
10707,Wikipedia,192.19
10707,Twitter,139.82
10708,Spotify,548.99
10708,Twitter,603.28
10708,Venmo,688.38
10708,Wix,677.84
10709,Wikipedia,264.63
10709,Gmail,502.03
10709,Whatsapp,374.66
10709,Spotify,67.07
10710,Snapchat,197.52
10710,Whatsapp,376.05
10710,Amazon,203.29
10710,Yahoo,665.38
10711,Whatsapp,619.22
10711,Bing,338.53
10711,Spotify,361.63
10711,Wix,492.39
10712,Whatsapp,262.17
10713,Google,466.96
10713,Bing,214.7
10713,Instagram,685.28
10714,Blogspot,636.78
10714,Google,318.61
10714,Youtube,281.44
10714,Facebook,151.56
10715,Facebook,376.11
10715,Google,539.21
10715,Instagram,848.51
10715,Spotify,753.22
10715,Bigcommerce,148.6
10715,Blogspot,194.42
10716,Google,577.85
10716,Amazon,304.33
10716,Youtube,275.33
10716,Venmo,274.45
10716,Gmail,75.46
10716,Twitter,387.91
10716,Facebook,726.34
10717,Wikipedia,242.31
10717,Venmo,689.89
10717,Reddit,712.66
10717,Spotify,680.87
10717,Youtube,726.05
10717,Twitter,51.07
10717,Google,208.33
10718,Bing,566.46
10718,Facebook,854.49
10718,Yahoo,668.27
10718,Gmail,127.16
10718,Snapchat,347.71
10719,Yahoo,717.32
10719,Blogspot,294.78
10719,Netflix,793.79
10719,Spotify,509.35
10719,Twitter,299.27
10719,Wikipedia,371.08
10719,Whatsapp,865.32
10719,Facebook,216.64
10720,Instagram,566.21
10720,Amazon,605.15
10721,Google,486.08
10721,Amazon,604.53
10721,Gmail,706.44
10721,Yahoo,608.59
10721,Reddit,630.44
10722,Amazon,430.49
10722,Youtube,816.28
10722,Instagram,553.33
10722,Gmail,689.9
10722,Spotify,736.73
10723,Google,765.19
10723,Youtube,265.35
10723,Twitter,198.45
10723,Wix,538.88
10723,Reddit,874.17
10723,Bigcommerce,187.86
10723,Instagram,262.65
10723,Netflix,811.17
10724,Netflix,264.83
10724,Facebook,493.89
10725,Youtube,60.87
10725,Blogspot,386.68
10725,Reddit,789.61
10725,Gmail,54.86
10726,Yahoo,628.67
10727,Bigcommerce,753.86
10727,Bing,786.69
10727,Whatsapp,733.8
10727,Spotify,532.19
10728,Twitter,157.43
10728,Google,712.04
10728,Wix,695.22
10728,Venmo,357.23
10728,Instagram,364.7
10728,Yahoo,498.49
10728,Blogspot,321.46
10729,Netflix,310.74
10729,Wix,423
10729,Youtube,242.74
10729,Whatsapp,370.97
10729,Wikipedia,60.1
10730,Instagram,347.36
10731,Twitter,862.01
10731,Yahoo,744.17
10732,Youtube,812.46
10732,Reddit,55.06
10732,Wikipedia,717.52
10732,Instagram,153.95
10733,Wix,223.53
10733,Snapchat,619.89
10733,Facebook,359.19
10733,Spotify,892.54
10733,Wikipedia,393.42
10733,Instagram,374.98
10733,Netflix,412.02
10733,Amazon,449.02
10733,Twitter,754.78
10734,Wikipedia,640.02
10734,Reddit,665.85
10734,Instagram,341.34
10734,Venmo,783.62
10735,Wix,427.03
10735,Spotify,225.96
10735,Facebook,186.25
10736,Venmo,161.15
10736,Yahoo,161.52
10736,Whatsapp,490.18
10736,Twitter,551.84
10736,Spotify,283.26
10736,Facebook,547.11
10736,Snapchat,210.9
10736,Instagram,136.25
10736,Netflix,866.91
10737,Google,724.81
10737,Facebook,81.48
10737,Netflix,646.07
10737,Snapchat,731.56
10737,Twitter,495.33
10737,Blogspot,394.91
10737,Reddit,245.27
10738,Amazon,823.96
10738,Whatsapp,201.35
10738,Youtube,668.44
10739,Twitter,214.61
10739,Whatsapp,532.8
10739,Amazon,675.76
10739,Instagram,615.45
10739,Google,790.57
10739,Bigcommerce,557.6
10740,Bing,193.89
10741,Google,249.1
10741,Venmo,374.7
10741,Twitter,363.17
10742,Youtube,642.05
10742,Wikipedia,881.64
10742,Yahoo,76.51
10743,Gmail,831.09
10743,Twitter,183.37
10743,Spotify,177.38
10743,Bigcommerce,881.16
10744,Whatsapp,368.83
10744,Amazon,419.44
10744,Youtube,511.5
10745,Facebook,492.34
10745,Wix,128.57
10745,Reddit,392.98
10746,Bing,684.85
10746,Spotify,445.52
10746,Blogspot,60.92
10746,Bigcommerce,490.2
10746,Facebook,415.14
10747,Netflix,785.66
10747,Bing,173.53
10747,Snapchat,759.95
10747,Amazon,392.44
10748,Blogspot,434.37
10748,Instagram,285.15
10748,Spotify,536.89
10748,Bing,699.96
10749,Bigcommerce,548.27
10749,Wix,277.12
10749,Netflix,361.87
10749,Google,881.7
10750,Spotify,446.16
10750,Wix,395.73
10750,Instagram,247.29
10750,Whatsapp,399.56
10750,Gmail,110.88
10751,Yahoo,730.04
10751,Venmo,354.21
10751,Bigcommerce,870.74
10751,Reddit,203.44
10752,Instagram,83.06
10753,Wikipedia,374.59
10753,Spotify,726.77
10753,Netflix,383.11
10753,Blogspot,109.99
10753,Yahoo,811.7
10753,Twitter,878.01
10753,Gmail,115.4
10754,Gmail,578.75
10754,Venmo,731.04
10754,Amazon,680.6
10754,Reddit,433.1
10755,Venmo,830.24
10755,Bing,406.94
10756,Wikipedia,328.36
10756,Wix,799.38
10756,Youtube,629.51
10757,Whatsapp,611.31
10757,Blogspot,653.65
10757,Bigcommerce,173.57
10757,Gmail,65.19
10757,Google,570.52
10757,Bing,217.78
10758,Facebook,372.96
10758,Whatsapp,898.8
10759,Whatsapp,746.83
10759,Bing,771.94
10759,Blogspot,387.11
10760,Wix,474.06
10760,Google,750.49
10761,Snapchat,239.24
10761,Wikipedia,68.81
10762,Youtube,330.15
10764,Bigcommerce,886.95
10764,Amazon,699.54
10764,Blogspot,163.18
10764,Snapchat,405.61
10765,Wikipedia,480.76
10765,Reddit,431.87
10765,Instagram,658.18
10765,Facebook,586.66
10765,Whatsapp,105.8
10765,Google,443.67
10765,Snapchat,405.06
10766,Snapchat,300.3
10766,Blogspot,105.18
10766,Amazon,50.59
10766,Bigcommerce,162.54
10766,Bing,472.2
10767,Amazon,618.64
10767,Twitter,426.19
10767,Wix,517.93
10767,Blogspot,452.31
10767,Facebook,563.96
10768,Yahoo,424
10768,Gmail,530.19
10769,Yahoo,494.81
10769,Gmail,399.72
10769,Snapchat,74.23
10769,Netflix,63.1
10770,Blogspot,709.93
10770,Spotify,62.47
10770,Snapchat,619.21
10770,Instagram,797.41
10771,Gmail,571.88
10771,Bigcommerce,758.17
10771,Spotify,444.33
10771,Yahoo,649.26
10771,Whatsapp,463.34
10772,Blogspot,235.5
10772,Gmail,67.79
10772,Youtube,406.32
10772,Twitter,336.57
10772,Netflix,630.51
10772,Snapchat,382.73
10772,Bigcommerce,290.7
10772,Spotify,204.78
10773,Google,224.35
10773,Amazon,498.11
10774,Reddit,762.25
10774,Amazon,511.55
10774,Wikipedia,253.04
10774,Google,413.14
10775,Bing,895.46
10775,Spotify,238.94
10775,Wikipedia,475.81
10775,Blogspot,373.51
10775,Whatsapp,643.51
10776,Amazon,685.12
10776,Snapchat,648.13
10776,Bing,759.36
10776,Whatsapp,392.63
10777,Amazon,736.02
10777,Reddit,323.05
10777,Twitter,435.8
10778,Bigcommerce,729.08
10778,Netflix,369.14
10778,Facebook,622.09
10778,Wix,429.17
10778,Venmo,626.53
10778,Youtube,866.53
10778,Reddit,281.08
10779,Youtube,466.03
10779,Yahoo,741.13
10779,Amazon,621.51
10779,Reddit,468.32
10779,Bigcommerce,823.79
10779,Facebook,213.69
10779,Snapchat,650.36
10780,Snapchat,834.31
10780,Whatsapp,264.17
10781,Wikipedia,285.58
10781,Instagram,661.75
10781,Netflix,103.87
10781,Snapchat,861.78
10781,Bigcommerce,259.46
10781,Facebook,358.69
10782,Spotify,491.56
10783,Bing,742.44
10783,Reddit,845.86
10783,Venmo,873.66
10783,Instagram,129.81
10784,Instagram,54.98
10784,Yahoo,199.32
10784,Amazon,773.89
10784,Venmo,426.17
10785,Google,766.89
10785,Gmail,493.58
10785,Bing,227.12
10785,Blogspot,427.59
10785,Youtube,89.28
10786,Reddit,176.93
10786,Wix,695.17
10786,Netflix,720.67
10786,Youtube,582.11
10786,Bing,307.41
10787,Bing,675.35
10787,Bigcommerce,414.57
10787,Reddit,674.96
10787,Snapchat,349.99
10788,Netflix,879.41
10788,Instagram,238.25
10788,Facebook,494.4
10788,Amazon,177.29
10788,Whatsapp,487.4
10789,Blogspot,198.92
10789,Google,406.56
10789,Youtube,344.51
10789,Facebook,891.73
10790,Spotify,283.64
10790,Snapchat,236.7
10790,Reddit,206.61
10790,Facebook,290.95
10790,Instagram,215.92
10790,Google,742.24
10790,Amazon,556.46
10791,Facebook,553.7
10791,Google,731.79
10791,Venmo,80.31
10791,Whatsapp,647.03
10791,Wikipedia,569.08
10791,Blogspot,150.8
10792,Bigcommerce,754.02
10792,Reddit,866.25
10792,Instagram,800.43
10792,Amazon,73.18
10792,Whatsapp,713.97
10793,Gmail,842.44
10793,Youtube,72.82
10794,Twitter,448.7
10794,Spotify,567.87
10794,Wikipedia,119.62
10794,Wix,260.56
10795,Gmail,65.17
10795,Facebook,753.14
10796,Snapchat,52.27
10796,Youtube,649.86
10796,Amazon,326.31
10797,Wikipedia,227.47
10797,Wix,366.81
10798,Twitter,454.24
10798,Bigcommerce,674.7
10799,Facebook,215.26
10799,Amazon,184.72
10799,Twitter,389.16
10799,Wikipedia,404.12
10800,Netflix,738.08
10800,Google,128.08
10800,Blogspot,271.64
10800,Wix,382.06
10800,Snapchat,108.38
10800,Bing,357.15
10800,Wikipedia,495.26
10801,Twitter,81.71
10801,Google,809.5
10801,Wikipedia,136.91
10801,Whatsapp,140.14
10801,Gmail,433.08
10802,Facebook,331.01
10802,Blogspot,840.27
10803,Netflix,652.5
10803,Amazon,665.62
10803,Twitter,84.03
10803,Bigcommerce,700.54
10803,Whatsapp,569.11
10804,Instagram,378.66
10804,Blogspot,578.62
10804,Wix,501.69
10804,Bing,267.59
10804,Youtube,475.98
10804,Amazon,415.71
10805,Whatsapp,56.52
10805,Venmo,891.21
10805,Bing,623
10805,Wikipedia,242.52
10805,Netflix,518.48
10806,Amazon,668.11
10806,Wikipedia,363.83
10806,Bing,135.01
10808,Whatsapp,54.55
10809,Bigcommerce,691.19
10809,Wikipedia,117.98
10810,Gmail,439.02
10810,Wikipedia,397.77
10810,Reddit,609.56
10810,Blogspot,149.63
10810,Spotify,235.2
10810,Twitter,219.05
10811,Facebook,680.22
10811,Wikipedia,172.5
10811,Amazon,570.41
10811,Gmail,418.86
10811,Twitter,698.67
10812,Blogspot,661.78
10812,Youtube,744.4
10812,Spotify,516.29
10812,Snapchat,704.69
10813,Instagram,254.09
10813,Twitter,836.73
10813,Yahoo,82.8
10814,Bing,350.72
10814,Google,560.39
10814,Bigcommerce,511.67
10814,Snapchat,698.51
10815,Amazon,361.92
10815,Instagram,681.1
10815,Youtube,474.04
10815,Reddit,451.74
10815,Bigcommerce,625.47
10816,Spotify,672.69
10816,Instagram,873.15
10816,Yahoo,91.11
10817,Reddit,74.86
10817,Twitter,563.87
10817,Venmo,238.3
10817,Netflix,661.9
10817,Snapchat,106.04
10818,Wikipedia,640.05
10818,Bigcommerce,640.23
10818,Amazon,473.8
10818,Twitter,430.28
10818,Venmo,258.83
10818,Blogspot,307.12
10818,Yahoo,625.42
10818,Instagram,309.96
10818,Reddit,141.69
10819,Twitter,370.51
10819,Wikipedia,485.19
10819,Google,868.01
10820,Youtube,788.78
10820,Snapchat,886.84
10820,Gmail,424.19
10820,Reddit,149.22
10821,Twitter,190.72
10821,Gmail,846.62
10821,Whatsapp,310.86
10821,Google,268.15
10822,Amazon,829.22
10822,Gmail,272.26
10823,Google,767.85
10823,Amazon,72.39
10823,Wix,73.56
10823,Spotify,353.54
10823,Bing,635.38
10823,Yahoo,246.94
10824,Blogspot,844.88
10824,Venmo,853.39
10824,Google,591.5
10824,Snapchat,710.75
10825,Wikipedia,770.95
10825,Reddit,61.82
10825,Amazon,836.93
10825,Facebook,187.65
10825,Whatsapp,289.47
10826,Venmo,539.48
10826,Youtube,520.45
10826,Spotify,500.61
10826,Whatsapp,764.62
10826,Instagram,826.27
10826,Bigcommerce,131.46
10827,Facebook,190.14
10827,Yahoo,236.66
10827,Google,823.53
10827,Netflix,428.35
10827,Venmo,459
10828,Bigcommerce,291.83
10828,Youtube,536.81
10828,Gmail,800.24
10828,Facebook,775.07
10828,Instagram,810.55
10828,Bing,286.17
10828,Amazon,852.03
10829,Snapchat,408.31
10829,Facebook,220.93
10829,Spotify,622.83
10829,Reddit,105.9
10830,Spotify,696.86
10830,Gmail,83.39
10830,Twitter,316.3
10830,Wix,565.26
10830,Wikipedia,773.29
10831,Instagram,193.76
10831,Yahoo,882.33
10831,Bigcommerce,92.68
10831,Bing,856.27
10831,Google,412.99
10831,Amazon,449.51
10831,Facebook,553.52
10832,Whatsapp,137.32
10832,Wix,689.62
10832,Bigcommerce,470.56
10832,Twitter,458.26
10833,Bing,67.43
10833,Blogspot,776.98
10833,Facebook,854.29
10833,Yahoo,781.29
10834,Wikipedia,76.83
10834,Youtube,233.05
10834,Yahoo,758.69
10835,Twitter,504.34
10835,Amazon,143.62
10835,Whatsapp,689.29
10835,Reddit,875.5
10835,Spotify,357.51
10835,Venmo,323.82
10836,Wix,198.67
10836,Blogspot,501.55
10836,Whatsapp,379.94
10836,Gmail,601.64
10836,Amazon,540.87
10836,Yahoo,605.54
10836,Snapchat,445.41
10837,Snapchat,336.95
10837,Bigcommerce,299.52
10837,Wix,689.5
10837,Spotify,355.87
10838,Youtube,754.95
10838,Wix,516.64
10838,Reddit,478.96
10838,Gmail,763.87
10838,Netflix,741.23
10838,Facebook,676.26
10838,Yahoo,848.15
10839,Wix,331.76
10839,Yahoo,424.17
10839,Blogspot,137.25
10839,Bing,439.02
10840,Wikipedia,100.24
10840,Bing,129.29
10840,Amazon,482.8
10841,Youtube,126.19
10841,Spotify,387.28
10841,Snapchat,354.98
10842,Reddit,468.95
10842,Whatsapp,617.51
10842,Facebook,493.1
10842,Snapchat,122.16
10842,Youtube,536.99
10843,Bing,314.25
10843,Yahoo,547.99
10843,Wix,842.93
10844,Youtube,716.78
10845,Blogspot,420.17
10845,Twitter,247.98
10845,Venmo,438.69
10845,Amazon,343.27
10845,Spotify,844.61
10846,Spotify,316.16
10846,Whatsapp,877.07
10846,Reddit,425.34
10846,Youtube,508.43
10846,Gmail,191.3
10846,Twitter,191.83
10847,Spotify,115.91
10847,Netflix,741.21
10847,Venmo,756.62
10847,Instagram,835.83
10847,Reddit,789.04
10848,Wikipedia,486.93
10848,Bing,406.9
10848,Snapchat,470.75
10849,Youtube,261.56
10850,Bing,89.8
10850,Twitter,358.11
10851,Facebook,586.42
10852,Blogspot,383.52
10852,Wikipedia,222.5
10853,Google,255.76
10853,Netflix,450.48
10853,Amazon,628.35
10853,Wix,686.03
10853,Venmo,524.58
10853,Whatsapp,173.84
10854,Google,262.68
10854,Snapchat,603.44
10854,Venmo,804.55
10854,Facebook,818.55
10854,Spotify,427.62
10854,Netflix,388.68
10855,Bing,685.89
10855,Facebook,621.97
10855,Spotify,122.53
10855,Bigcommerce,796.3
10855,Netflix,601.23
10855,Wikipedia,253.47
10856,Netflix,689.61
10856,Reddit,50.65
10856,Bing,680.11
10856,Yahoo,614.1
10856,Venmo,214.51
10856,Wikipedia,432.96
10856,Snapchat,698.55
10857,Instagram,355.31
10857,Yahoo,164.96
10857,Netflix,657.12
10858,Yahoo,202.89
10858,Reddit,590.12
10858,Bing,813.26
10858,Wix,271.08
10859,Bigcommerce,139.93
10859,Spotify,678.6
10859,Google,114.35
10859,Venmo,179.9
10859,Youtube,84.38
10860,Whatsapp,321.79
10860,Reddit,474.89
10860,Google,437.87
10860,Twitter,305.85
10860,Youtube,678.48
10861,Blogspot,351.85
10861,Wix,200.93
10861,Facebook,787.19
10861,Wikipedia,183.48
10861,Reddit,434.54
10862,Bigcommerce,186.73
10862,Amazon,303.42
10862,Youtube,389.26
10862,Gmail,179.54
10862,Netflix,552.23
10863,Wikipedia,262.79
10863,Google,833.89
10863,Yahoo,683.82
10864,Bing,250.36
10864,Blogspot,232.73
10864,Google,231.76
10864,Whatsapp,123.22
10864,Facebook,346.67
10865,Wikipedia,393.57
10865,Twitter,630.15
10865,Blogspot,283.78
10866,Google,634.17
10866,Netflix,520.59
10866,Gmail,234.8
10866,Yahoo,593.81
10867,Reddit,413.5
10867,Blogspot,239.24
10867,Netflix,645.61
10867,Twitter,729.01
10867,Amazon,74.07
10867,Facebook,271.84
10868,Facebook,208.39
10868,Gmail,351.13
10868,Bing,400.06
10869,Google,707.73
10869,Amazon,253.54
10869,Facebook,413.84
10869,Bigcommerce,673.43
10869,Reddit,428.43
10870,Snapchat,108
10870,Bigcommerce,279.86
10870,Gmail,384.6
10870,Netflix,332.23
10870,Wix,367.68
10870,Blogspot,300.36
10871,Venmo,547.96
10871,Blogspot,464.3
10871,Amazon,224.51
10871,Facebook,185.43
10871,Instagram,599.75
10871,Twitter,67.37
10872,Reddit,242.43
10872,Gmail,276.87
10873,Venmo,494.98
10873,Bing,216.86
10873,Netflix,69.77
10873,Twitter,864.51
10873,Yahoo,445.5
10873,Whatsapp,826.49
10874,Blogspot,734.62
10874,Bing,644.08
10874,Venmo,432.57
10874,Spotify,524.18
10874,Bigcommerce,65.39
10875,Venmo,189.53
10875,Whatsapp,862.09
10875,Netflix,208.24
10875,Youtube,805.69
10875,Google,295.42
10875,Snapchat,699.95
10876,Snapchat,544.91
10876,Twitter,394.36
10876,Bing,754.32
10876,Bigcommerce,305.33
10876,Instagram,446.16
10876,Gmail,850.97
10877,Spotify,681.68
10877,Venmo,459.25
10877,Google,318.08
10877,Amazon,855.51
10878,Spotify,476.97
10878,Youtube,709.15
10878,Snapchat,821.66
10878,Wikipedia,804.94
10879,Youtube,263.36
10879,Reddit,355.9
10879,Twitter,509.03
10879,Wix,237.29
10880,Yahoo,659.09
10880,Reddit,639.51
10880,Instagram,515.65
10881,Gmail,286.93
10881,Whatsapp,198.45
10881,Yahoo,264.97
10881,Reddit,50.2
10881,Spotify,130.47
10882,Google,490.85
10882,Gmail,848.97
10882,Wix,505.41
10882,Instagram,492.57
10882,Twitter,141.75
10883,Wix,453.98
10883,Bigcommerce,256.09
10883,Yahoo,372.78
10883,Venmo,145.07
10883,Facebook,145.07
10884,Reddit,716.04
10884,Spotify,877.13
10884,Snapchat,463
10884,Bigcommerce,249.6
10884,Facebook,692.55
10884,Bing,723.58
10885,Facebook,65.67
10885,Whatsapp,855.53
10886,Spotify,297.64
10886,Wix,791.88
10886,Amazon,461.71
10886,Youtube,372.86
10886,Snapchat,78.24
10886,Gmail,179
10886,Instagram,308.69
10886,Wikipedia,890.37
10886,Twitter,673.74
10887,Amazon,390.72
10887,Twitter,71.86
10887,Bigcommerce,534.88
10888,Bigcommerce,417.95
10888,Blogspot,336.06
10889,Whatsapp,298.22
10889,Instagram,85.87
10889,Wikipedia,428.32
10890,Netflix,236.55
10890,Snapchat,436.45
10890,Bigcommerce,767.47
10890,Wix,425.07
10890,Blogspot,403.96
10891,Yahoo,852.11
10891,Venmo,225.7
10891,Spotify,867.77
10891,Instagram,860.43
10892,Twitter,569.86
10892,Instagram,375.52
10892,Blogspot,478.24
10892,Netflix,91.48
10892,Yahoo,838.12
10892,Facebook,229.11
10893,Netflix,799.7
10893,Bing,425.56
10893,Facebook,170.82
10893,Wikipedia,833.49
10893,Whatsapp,323.7
10893,Gmail,742.22
10893,Blogspot,647.69
10894,Wix,640.8
10894,Twitter,837.44
10894,Gmail,55.72
10894,Instagram,78.08
10894,Whatsapp,692.69
10894,Amazon,563.96
10894,Spotify,178.82
10895,Reddit,658.34
10895,Wix,528.84
10895,Netflix,264.22
10895,Whatsapp,489.38
10896,Gmail,311.32
10896,Spotify,75.8
10896,Google,706.48
10896,Snapchat,797.34
10896,Twitter,203.93
10896,Bing,167.67
10897,Venmo,166.5
10897,Twitter,86.47
10897,Whatsapp,812.32
10897,Gmail,738.84
10897,Instagram,899.63
10898,Gmail,260.42
10898,Youtube,610.85
10898,Snapchat,379.38
10898,Bing,570.21
10899,Twitter,110.27
10899,Gmail,680.79
10899,Netflix,736.18
10900,Spotify,290.46
10900,Bing,793.32
10900,Instagram,492.94
10900,Blogspot,477.9
10900,Venmo,621.59
10900,Wikipedia,202.43
10901,Facebook,441.83
10902,Instagram,836.01
10902,Venmo,445.87
10902,Spotify,351.99
10903,Reddit,355.93
10903,Snapchat,466.13
10903,Gmail,579.27
10903,Yahoo,415.43
10903,Blogspot,565.43
10904,Bigcommerce,266.77
10904,Netflix,607.44
10904,Reddit,165.29
10904,Wix,317.91
10904,Instagram,100.72
10905,Netflix,509.48
10905,Whatsapp,76.19
10905,Wikipedia,59.15
10905,Reddit,645.38
10906,Wikipedia,285.16
10906,Blogspot,124.23
10906,Facebook,159.69
10906,Whatsapp,275.11
10906,Snapchat,579.68
10906,Amazon,423.47
10907,Yahoo,357.89
10907,Google,612.54
10907,Bing,845.54
10907,Blogspot,632.24
10907,Wix,592.59
10907,Whatsapp,855.2
10907,Youtube,85.19
10908,Wikipedia,889.05
10908,Reddit,290.91
10908,Blogspot,144.86
10908,Venmo,320.98
10908,Wix,712.74
10908,Youtube,717.48
10909,Whatsapp,315.41
10909,Netflix,281.59
10909,Blogspot,193.9
10909,Venmo,54.47
10910,Google,327.03
10910,Reddit,119.23
10911,Bing,562.07
10911,Wix,820.06
10911,Facebook,767.81
10911,Spotify,380.48
10911,Bigcommerce,192.95
10911,Yahoo,722.4
10912,Snapchat,173.94
10912,Youtube,304.45
10912,Gmail,646.73
10912,Bigcommerce,368.83
10912,Facebook,793.44
10913,Bing,443.95
10913,Google,814.68
10913,Snapchat,855.23
10914,Spotify,620.85
10914,Instagram,596.63
10914,Google,453.69
10914,Yahoo,661.85
10914,Youtube,864.57
10915,Instagram,702.18
10915,Facebook,752
10915,Spotify,485.57
10915,Wix,208.96
10916,Instagram,647.63
10916,Whatsapp,892.86
10916,Google,784.09
10917,Netflix,497.79
10917,Yahoo,809.18
10917,Spotify,488.29
10917,Amazon,675.93
10917,Venmo,830.1
10917,Facebook,835.64
10918,Bigcommerce,442.01
10918,Google,114.85
10918,Twitter,896.43
10918,Venmo,692.87
10919,Twitter,679.54
10919,Bigcommerce,468.62
10919,Amazon,196.61
10920,Wix,110.4
10920,Spotify,695.33
10920,Snapchat,312.17
10920,Gmail,413.66
10920,Google,452.62
10920,Bing,59.39
10920,Instagram,277.01
10921,Facebook,626.98
10921,Yahoo,879.53
10921,Netflix,53.19
10921,Bigcommerce,329.23
10921,Bing,412.26
10922,Blogspot,528.18
10922,Facebook,759.44
10922,Youtube,349.33
10922,Whatsapp,465.97
10922,Yahoo,266.48
10923,Wix,282.39
10923,Bing,647.25
10923,Whatsapp,274.88
10923,Amazon,309.97
10923,Spotify,851.33
10923,Youtube,338.8
10923,Netflix,460.67
10924,Google,257.03
10924,Amazon,386.96
10924,Wix,742.5
10925,Blogspot,652.75
10925,Netflix,865.33
10925,Bigcommerce,55.44
10925,Amazon,523.86
10925,Youtube,530.68
10925,Facebook,281.43
10925,Gmail,403.31
10926,Venmo,816.22
10926,Netflix,731.83
10926,Instagram,694.62
10927,Instagram,834.14
10927,Wikipedia,453.03
10927,Google,365.81
10927,Blogspot,166.68
10927,Bigcommerce,504.2
10927,Twitter,517.45
10928,Netflix,714.37
10928,Spotify,156.01
10929,Wix,667.03
10929,Twitter,808.38
10929,Amazon,165.9
10929,Venmo,315.18
10930,Venmo,86.22
10930,Twitter,858.51
10930,Gmail,854.53
10930,Amazon,75.49
10930,Reddit,188.89
10930,Youtube,96.46
10930,Yahoo,560.58
10931,Reddit,433.47
10931,Wix,574.15
10931,Venmo,735.72
10931,Whatsapp,377.96
10931,Amazon,783.23
10931,Youtube,245.8
10931,Yahoo,559.03
10932,Twitter,391.63
10932,Wikipedia,650.98
10932,Instagram,440.86
10932,Wix,895.12
10932,Reddit,547.26
10932,Spotify,290.54
10934,Bing,50.67
10934,Gmail,321.9
10934,Snapchat,162
10934,Instagram,542.77
10934,Google,341.3
10934,Spotify,767.19
10934,Twitter,708.04
10935,Venmo,556.09
10935,Twitter,296.63
10935,Snapchat,701.8
10935,Facebook,744.3
10935,Amazon,776.06
10935,Youtube,321.95
10935,Spotify,288.75
10935,Google,245.04
10935,Reddit,682.95
10936,Amazon,101.07
10936,Instagram,349.14
10937,Youtube,171.12
10937,Instagram,269.6
10937,Netflix,567.99
10937,Spotify,872.79
10937,Gmail,56.2
10937,Whatsapp,427.56
10938,Google,377.36
10938,Yahoo,597.1
10938,Wix,699.84
10938,Blogspot,107.05
10939,Whatsapp,415.32
10939,Twitter,723.68
10939,Snapchat,121.45
10939,Google,253.87
10939,Bigcommerce,339.13
10940,Amazon,841.66
10940,Blogspot,621.82
10940,Bigcommerce,704.92
10940,Twitter,73.3
10940,Whatsapp,596.67
10940,Snapchat,376.03
10941,Whatsapp,350.07
10941,Wikipedia,796.62
10941,Spotify,335.63
10941,Reddit,299.2
10941,Wix,559.88
10942,Instagram,316.93
10942,Netflix,560.14
10942,Gmail,672.58
10942,Facebook,179.11
10943,Instagram,119.9
10943,Wix,620.66
10943,Snapchat,647.94
10943,Amazon,208.1
10943,Wikipedia,374.2
10943,Gmail,885.92
10943,Venmo,807.34
10944,Reddit,214.01
10944,Gmail,453.71
10944,Wikipedia,432.14
10944,Snapchat,656.53
10944,Bing,528.49
10944,Bigcommerce,167.18
10945,Bing,721.06
10945,Instagram,632.67
10945,Wix,803.74
10945,Twitter,504.08
10945,Amazon,198.13
10946,Google,307.43
10946,Youtube,867.43
10946,Amazon,494.37
10947,Wikipedia,416.53
10947,Google,54.05
10948,Google,455.24
10948,Wikipedia,88.11
10948,Blogspot,665.1
10949,Reddit,191.29
10949,Venmo,844.5
10949,Wikipedia,61.13
10949,Snapchat,730.23
10949,Bing,90.64
10950,Twitter,634.65
10950,Snapchat,188.36
10950,Youtube,216.77
10950,Spotify,136.99
10950,Blogspot,649.47
10951,Youtube,57.69
10951,Bigcommerce,79.17
10952,Yahoo,338.04
10952,Facebook,682.04
10952,Wix,184.72
10952,Venmo,712.08
10952,Snapchat,447.75
10952,Gmail,244.48
10952,Instagram,344.24
10953,Yahoo,238.87
10953,Reddit,408.48
10953,Facebook,481.5
10953,Wikipedia,782.69
10953,Whatsapp,489.87
10953,Google,317.92
10954,Youtube,460.09
10954,Reddit,708.16
10954,Netflix,262.34
10954,Whatsapp,711.09
10954,Wikipedia,384.02
10955,Venmo,286.37
10955,Bigcommerce,611.9
10955,Bing,484.63
10955,Spotify,485.44
10955,Wikipedia,526.92
10956,Instagram,687.39
10956,Venmo,213.75
10956,Whatsapp,136.73
10956,Bigcommerce,788.9
10956,Youtube,216.4
10956,Blogspot,663.09
10957,Venmo,879.4
10957,Blogspot,650.68
10957,Facebook,507.61
10957,Yahoo,707.4
10958,Facebook,159.32
10958,Netflix,434.17
10958,Venmo,667.3
10958,Yahoo,266.31
10958,Gmail,837.69
10958,Instagram,860.36
10958,Google,839.28
10959,Netflix,93.88
10959,Blogspot,625.81
10960,Instagram,230.65
10960,Youtube,608.04
10960,Venmo,543.98
10960,Google,475.21
10960,Bing,316.74
10960,Blogspot,804.12
10960,Wix,670.61
10961,Bigcommerce,197.89
10961,Bing,331.46
10962,Reddit,491.23
10962,Netflix,536.63
10962,Snapchat,83.46
10962,Google,665.04
10962,Spotify,724.6
10963,Spotify,123.36
10963,Instagram,608.1
10963,Facebook,477.26
10964,Whatsapp,246.12
10964,Yahoo,292.96
10964,Google,474.09
10964,Twitter,212.08
10964,Facebook,345.48
10964,Wikipedia,536.6
10965,Youtube,770.25
10965,Instagram,496.13
10965,Blogspot,451.41
10965,Netflix,186.66
10965,Bigcommerce,618.83
10965,Twitter,639.91
10966,Venmo,566.93
10967,Whatsapp,186.52
10967,Google,882.52
10967,Bigcommerce,161.68
10967,Spotify,177.39
10967,Snapchat,650.16
10968,Amazon,242.62
10968,Twitter,383.96
10969,Netflix,389.46
10969,Wix,117.02
10970,Netflix,54.23
10970,Gmail,109.74
10970,Instagram,770.29
10970,Reddit,408.3
10970,Wikipedia,736.96
10970,Bing,594.34
10970,Youtube,305.2
10971,Wix,197.44
10971,Twitter,541.77
10971,Youtube,113.24
10971,Bing,255.49
10971,Reddit,843.64
10972,Venmo,512.44
10973,Snapchat,542.27
10973,Amazon,802.82
10973,Blogspot,58.51
10973,Google,100.94
10974,Bigcommerce,250.93
10974,Whatsapp,670.56
10974,Bing,424.8
10974,Youtube,717.21
10974,Venmo,578.74
10975,Spotify,729.34
10975,Snapchat,345.06
10975,Facebook,685.26
10975,Wikipedia,812.51
10975,Youtube,813.58
10975,Whatsapp,683.33
10976,Amazon,564.36
10976,Snapchat,121.62
10976,Wikipedia,590.54
10976,Reddit,803.54
10977,Gmail,147.8
10977,Bing,114.8
10977,Netflix,585.34
10977,Blogspot,255.67
10977,Wikipedia,260.43
10977,Instagram,75.86
10978,Gmail,120
10978,Wikipedia,822.97
10978,Snapchat,481.24
10979,Yahoo,181.44
10979,Facebook,70.55
10979,Reddit,837.34
10979,Spotify,549.39
10979,Netflix,174.01
10980,Gmail,67.2
10980,Amazon,663.34
10980,Wikipedia,865.29
10981,Netflix,417.87
10981,Bigcommerce,791.98
10981,Blogspot,712.81
10981,Gmail,599.38
10982,Reddit,433.21
10982,Snapchat,84.18
10982,Bigcommerce,160.74
10983,Whatsapp,478.6
10983,Yahoo,852.79
10983,Venmo,449.57
10984,Bing,392.25
10984,Google,784.22
10985,Wix,403.36
10985,Whatsapp,681.22
10986,Youtube,436.97
10986,Yahoo,370.17
10986,Whatsapp,424.42
10986,Blogspot,824.53
10986,Wix,230.53
10987,Wikipedia,399.32
10987,Youtube,390.82
10987,Reddit,831.72
10987,Twitter,717.01
10987,Yahoo,781.73
10987,Blogspot,372.27
10988,Instagram,258.22
10988,Reddit,413.87
10989,Venmo,704.2
10989,Google,359.27
10989,Wix,737.73
10989,Facebook,142.42
10990,Twitter,628.75
10990,Wix,450.59
10990,Bing,834.97
10990,Reddit,335.88
10990,Snapchat,59.13
10990,Blogspot,655.23
10991,Yahoo,554.69
10991,Wikipedia,505.06
10991,Whatsapp,764.41
10991,Netflix,642.39
10992,Yahoo,846.62
10992,Reddit,622.86
10993,Google,65.71
10993,Instagram,255.06
10993,Yahoo,398.74
10993,Bigcommerce,199.11
10993,Netflix,594.85
10994,Google,807.93
10994,Facebook,393.22
10994,Wix,422.18
10994,Bing,357.1
10994,Venmo,109.17
10995,Blogspot,837.32
10995,Venmo,385.99
10996,Facebook,753.36
10997,Facebook,313.56
10997,Snapchat,839.15
10997,Reddit,385.8
10998,Snapchat,471.59
10998,Blogspot,735.62
10998,Yahoo,218.32
10998,Google,282.04
10999,Facebook,772.05
10999,Google,667.9
10999,Instagram,835.57
11000,Youtube,537.79
11000,Wikipedia,630.93
11000,Netflix,251.02
11000,Wix,784.7
11000,Bigcommerce,339.47
