phone_number,receiver,starttimestamp,endtimestamp,direction
398-674-8292,237-547-1013,2017-10-24 13:05:00,2017-10-24 13:23:00,outgoing
237-547-1013,623-276-1104,2017-07-16 15:10:00,2017-07-16 15:10:00,missed call
623-276-1104,241-168-8259,2019-03-16 20:48:00,2019-03-16 21:16:00,outgoing
227-100-2967,398-674-8292,2017-01-07 12:10:00,2017-01-07 12:28:00,outgoing
818-167-3374,227-100-2967,2018-01-14 22:47:00,2018-01-14 22:47:00,missed call
985-935-9702,123-110-9250,2017-01-16 13:09:00,2017-01-16 13:09:00,missed call
237-547-1013,227-100-2967,2018-08-25 22:54:00,2018-08-25 22:54:00,missed call
123-110-9250,985-935-9702,2017-02-27 05:34:00,2017-02-27 06:19:00,incoming
598-737-7459,123-110-9250,2019-04-04 07:34:00,2019-04-04 07:50:00,outgoing
398-674-8292,241-168-8259,2018-07-02 18:57:00,2018-07-02 19:16:00,incoming
614-619-2896,818-167-3374,2017-10-13 19:43:00,2017-10-13 19:59:00,outgoing
623-276-1104,598-737-7459,2019-05-04 09:25:00,2019-05-04 09:57:00,incoming
614-619-2896,598-737-7459,2018-02-28 14:42:00,2018-02-28 14:53:00,outgoing
598-737-7459,241-168-8259,2018-01-12 04:59:00,2018-01-12 05:34:00,incoming
614-619-2896,227-100-2967,2017-01-08 02:40:00,2017-01-08 03:19:00,incoming
598-737-7459,398-674-8292,2017-02-09 20:38:00,2017-02-09 20:59:00,incoming
237-547-1013,123-110-9250,2017-01-04 01:19:00,2017-01-04 02:04:00,incoming
623-276-1104,241-168-8259,2018-10-09 08:00:00,2018-10-09 08:44:00,incoming
598-737-7459,985-935-9702,2017-06-01 14:46:00,2017-06-01 14:50:00,incoming
237-547-1013,241-168-8259,2017-11-18 09:13:00,2017-11-18 09:20:00,outgoing
985-935-9702,398-674-8292,2017-04-02 20:36:00,2017-04-02 20:36:00,missed call
123-110-9250,598-737-7459,2018-01-02 13:20:00,2018-01-02 13:27:00,incoming
623-276-1104,985-935-9702,2018-06-09 09:43:00,2018-06-09 09:43:00,missed call
985-935-9702,123-110-9250,2018-11-28 08:43:00,2018-11-28 08:45:00,incoming
241-168-8259,227-100-2967,2018-05-20 05:51:00,2018-05-20 06:50:00,incoming
598-737-7459,614-619-2896,2017-09-01 14:34:00,2017-09-01 15:11:00,incoming
241-168-8259,598-737-7459,2018-08-24 18:25:00,2018-08-24 19:00:00,outgoing
598-737-7459,623-276-1104,2018-04-09 06:48:00,2018-04-09 06:48:00,missed call
123-110-9250,241-168-8259,2019-04-26 16:56:00,2019-04-26 17:36:00,incoming
398-674-8292,614-619-2896,2018-06-29 10:03:00,2018-06-29 10:08:00,incoming
237-547-1013,398-674-8292,2018-03-17 04:37:00,2018-03-17 04:37:00,missed call
123-110-9250,818-167-3374,2018-04-07 04:50:00,2018-04-07 04:56:00,outgoing
614-619-2896,985-935-9702,2018-03-30 00:13:00,2018-03-30 00:31:00,incoming
398-674-8292,237-547-1013,2017-03-01 00:08:00,2017-03-01 00:53:00,outgoing
985-935-9702,623-276-1104,2017-06-02 09:33:00,2017-06-02 09:33:00,missed call
237-547-1013,227-100-2967,2018-11-08 04:14:00,2018-11-08 04:16:00,incoming
818-167-3374,985-935-9702,2017-01-19 02:09:00,2017-01-19 02:53:00,outgoing
123-110-9250,241-168-8259,2017-08-16 16:17:00,2017-08-16 16:32:00,outgoing
123-110-9250,614-619-2896,2017-02-12 13:14:00,2017-02-12 13:14:00,missed call
241-168-8259,123-110-9250,2019-01-09 10:00:00,2019-01-09 10:00:00,missed call
818-167-3374,398-674-8292,2019-02-05 11:31:00,2019-02-05 11:31:00,missed call
623-276-1104,398-674-8292,2018-08-07 21:17:00,2018-08-07 21:17:00,missed call
598-737-7459,241-168-8259,2018-06-17 10:11:00,2018-06-17 10:58:00,outgoing
614-619-2896,623-276-1104,2019-02-01 12:35:00,2019-02-01 12:35:00,missed call
614-619-2896,123-110-9250,2019-03-31 09:31:00,2019-03-31 10:11:00,incoming
241-168-8259,237-547-1013,2018-01-20 07:55:00,2018-01-20 08:21:00,outgoing
237-547-1013,227-100-2967,2018-11-16 21:44:00,2018-11-16 22:24:00,incoming
623-276-1104,237-547-1013,2018-03-28 18:50:00,2018-03-28 18:50:00,missed call
614-619-2896,985-935-9702,2018-02-03 23:57:00,2018-02-04 00:18:00,outgoing
614-619-2896,598-737-7459,2019-03-17 05:23:00,2019-03-17 05:23:00,missed call
623-276-1104,398-674-8292,2018-10-23 06:33:00,2018-10-23 06:40:00,incoming
818-167-3374,985-935-9702,2017-04-22 07:09:00,2017-04-22 07:15:00,incoming
623-276-1104,241-168-8259,2017-08-04 09:57:00,2017-08-04 09:57:00,missed call
398-674-8292,123-110-9250,2018-02-05 14:24:00,2018-02-05 14:24:00,incoming
227-100-2967,241-168-8259,2019-04-30 07:40:00,2019-04-30 07:51:00,incoming
614-619-2896,241-168-8259,2018-09-06 07:16:00,2018-09-06 07:17:00,incoming
623-276-1104,398-674-8292,2018-08-19 03:45:00,2018-08-19 03:45:00,missed call
598-737-7459,985-935-9702,2017-04-11 02:31:00,2017-04-11 03:02:00,outgoing
623-276-1104,227-100-2967,2017-02-15 19:26:00,2017-02-15 19:44:00,outgoing
598-737-7459,614-619-2896,2017-11-09 19:47:00,2017-11-09 20:13:00,outgoing
818-167-3374,598-737-7459,2018-01-04 07:37:00,2018-01-04 08:12:00,outgoing
818-167-3374,398-674-8292,2018-03-16 07:37:00,2018-03-16 07:37:00,missed call
227-100-2967,818-167-3374,2017-02-13 19:04:00,2017-02-13 19:46:00,incoming
818-167-3374,623-276-1104,2018-01-28 11:08:00,2018-01-28 11:08:00,missed call
237-547-1013,818-167-3374,2019-04-26 11:12:00,2019-04-26 11:55:00,incoming
598-737-7459,614-619-2896,2018-04-15 11:11:00,2018-04-15 11:11:00,missed call
985-935-9702,623-276-1104,2017-02-05 14:57:00,2017-02-05 15:21:00,outgoing
227-100-2967,123-110-9250,2017-04-08 13:16:00,2017-04-08 14:06:00,incoming
227-100-2967,818-167-3374,2017-03-23 09:02:00,2017-03-23 09:02:00,missed call
598-737-7459,985-935-9702,2018-09-25 22:00:00,2018-09-25 22:00:00,missed call
241-168-8259,623-276-1104,2018-04-22 18:28:00,2018-04-22 18:28:00,missed call
985-935-9702,818-167-3374,2017-05-05 13:56:00,2017-05-05 13:56:00,missed call
623-276-1104,985-935-9702,2018-10-18 05:09:00,2018-10-18 05:09:00,missed call
598-737-7459,985-935-9702,2018-05-20 00:29:00,2018-05-20 00:59:00,outgoing
241-168-8259,614-619-2896,2017-11-04 18:52:00,2017-11-04 18:52:00,missed call
123-110-9250,237-547-1013,2019-02-20 12:21:00,2019-02-20 12:39:00,incoming
227-100-2967,985-935-9702,2017-10-05 03:47:00,2017-10-05 03:47:00,missed call
237-547-1013,123-110-9250,2018-09-23 18:56:00,2018-09-23 18:56:00,missed call
123-110-9250,241-168-8259,2017-03-05 09:00:00,2017-03-05 09:49:00,outgoing
123-110-9250,985-935-9702,2018-11-27 03:43:00,2018-11-27 03:43:00,missed call
614-619-2896,123-110-9250,2018-03-08 05:24:00,2018-03-08 05:55:00,incoming
623-276-1104,237-547-1013,2017-07-17 18:20:00,2017-07-17 18:49:00,incoming
227-100-2967,398-674-8292,2017-02-19 20:08:00,2017-02-19 20:08:00,missed call
237-547-1013,985-935-9702,2017-11-12 00:17:00,2017-11-12 00:30:00,incoming
623-276-1104,237-547-1013,2017-10-01 09:21:00,2017-10-01 09:21:00,missed call
398-674-8292,623-276-1104,2018-05-16 18:57:00,2018-05-16 19:56:00,outgoing
985-935-9702,614-619-2896,2017-01-22 23:25:00,2017-01-23 00:08:00,incoming
398-674-8292,614-619-2896,2019-04-29 15:40:00,2019-04-29 15:40:00,missed call
614-619-2896,818-167-3374,2018-02-25 05:42:00,2018-02-25 06:10:00,incoming
241-168-8259,123-110-9250,2018-12-28 00:55:00,2018-12-28 00:55:00,missed call
306-378-4644,194-638-8390,2017-01-28 09:08:00,2017-01-28 09:21:00,incoming
143-531-4623,846-756-5396,2018-07-23 03:15:00,2018-07-23 03:16:00,outgoing
306-378-4644,335-702-9515,2017-03-03 18:55:00,2017-03-03 18:55:00,missed call
965-184-6491,143-531-4623,2019-04-09 09:17:00,2019-04-09 09:45:00,outgoing
593-792-6975,221-352-4993,2017-06-15 15:02:00,2017-06-15 15:02:00,missed call
576-444-8440,965-184-6491,2019-04-19 19:57:00,2019-04-19 20:34:00,outgoing
335-702-9515,576-444-8440,2017-04-06 19:41:00,2017-04-06 19:41:00,missed call
965-184-6491,194-638-8390,2017-06-29 06:08:00,2017-06-29 06:31:00,incoming
232-739-6412,306-378-4644,2018-11-24 06:37:00,2018-11-24 07:14:00,incoming
143-531-4623,576-444-8440,2018-10-26 15:48:00,2018-10-26 16:15:00,incoming
306-378-4644,143-531-4623,2018-05-26 22:49:00,2018-05-26 23:07:00,incoming
306-378-4644,335-702-9515,2018-01-11 17:51:00,2018-01-11 18:49:00,outgoing
965-184-6491,846-756-5396,2018-08-18 01:40:00,2018-08-18 01:50:00,incoming
846-756-5396,306-378-4644,2019-05-19 02:19:00,2019-05-19 03:03:00,outgoing
143-531-4623,194-638-8390,2018-11-15 19:53:00,2018-11-15 20:31:00,incoming
143-531-4623,194-638-8390,2019-05-30 09:10:00,2019-05-30 09:31:00,incoming
232-739-6412,576-444-8440,2017-01-04 23:18:00,2017-01-04 23:48:00,outgoing
593-792-6975,232-739-6412,2018-10-24 21:26:00,2018-10-24 21:40:00,incoming
194-638-8390,335-702-9515,2018-11-02 11:11:00,2018-11-02 12:08:00,incoming
143-531-4623,221-352-4993,2017-09-11 03:43:00,2017-09-11 04:29:00,outgoing
143-531-4623,335-702-9515,2017-11-09 09:52:00,2017-11-09 09:52:00,missed call
965-184-6491,306-378-4644,2019-05-29 12:40:00,2019-05-29 13:00:00,incoming
306-378-4644,335-702-9515,2018-09-14 00:08:00,2018-09-14 00:08:00,missed call
335-702-9515,221-352-4993,2017-07-15 09:25:00,2017-07-15 09:43:00,incoming
593-792-6975,221-352-4993,2018-05-30 23:45:00,2018-05-31 00:38:00,incoming
576-444-8440,306-378-4644,2017-02-14 10:05:00,2017-02-14 10:53:00,incoming
194-638-8390,221-352-4993,2017-03-15 12:51:00,2017-03-15 12:51:00,missed call
221-352-4993,306-378-4644,2018-01-31 17:15:00,2018-01-31 17:15:00,missed call
593-792-6975,232-739-6412,2017-12-28 18:47:00,2017-12-28 18:47:00,missed call
846-756-5396,143-531-4623,2017-05-20 16:22:00,2017-05-20 17:13:00,incoming
576-444-8440,143-531-4623,2019-03-17 10:36:00,2019-03-17 10:36:00,missed call
232-739-6412,194-638-8390,2017-06-28 17:32:00,2017-06-28 17:32:00,missed call
335-702-9515,306-378-4644,2019-04-18 15:38:00,2019-04-18 15:38:00,missed call
232-739-6412,143-531-4623,2018-05-23 09:04:00,2018-05-23 09:31:00,incoming
194-638-8390,335-702-9515,2018-03-24 04:35:00,2018-03-24 04:52:00,incoming
143-531-4623,221-352-4993,2019-02-26 07:19:00,2019-02-26 07:30:00,outgoing
965-184-6491,143-531-4623,2018-08-06 20:53:00,2018-08-06 20:53:00,missed call
143-531-4623,232-739-6412,2019-02-21 04:47:00,2019-02-21 04:50:00,outgoing
194-638-8390,965-184-6491,2018-11-15 12:51:00,2018-11-15 12:51:00,missed call
306-378-4644,143-531-4623,2018-07-27 13:30:00,2018-07-27 14:08:00,outgoing
194-638-8390,593-792-6975,2017-04-12 16:06:00,2017-04-12 16:43:00,incoming
232-739-6412,221-352-4993,2017-04-20 13:33:00,2017-04-20 14:26:00,outgoing
593-792-6975,143-531-4623,2018-04-24 09:43:00,2018-04-24 09:43:00,missed call
232-739-6412,593-792-6975,2019-01-30 06:29:00,2019-01-30 06:29:00,missed call
965-184-6491,143-531-4623,2018-05-17 21:33:00,2018-05-17 22:31:00,incoming
576-444-8440,143-531-4623,2017-07-20 00:21:00,2017-07-20 01:12:00,outgoing
335-702-9515,194-638-8390,2017-04-09 14:37:00,2017-04-09 14:48:00,outgoing
846-756-5396,576-444-8440,2017-06-26 00:59:00,2017-06-26 00:59:00,missed call
306-378-4644,593-792-6975,2018-07-27 00:57:00,2018-07-27 00:57:00,missed call
221-352-4993,306-378-4644,2018-04-26 01:53:00,2018-04-26 01:57:00,incoming
306-378-4644,593-792-6975,2018-11-07 08:16:00,2018-11-07 08:16:00,missed call
194-638-8390,143-531-4623,2018-10-22 08:32:00,2018-10-22 08:56:00,incoming
576-444-8440,143-531-4623,2017-04-12 07:49:00,2017-04-12 08:43:00,incoming
965-184-6491,221-352-4993,2017-08-11 07:13:00,2017-08-11 07:54:00,incoming
232-739-6412,576-444-8440,2018-10-01 20:33:00,2018-10-01 21:11:00,outgoing
232-739-6412,965-184-6491,2017-12-04 22:51:00,2017-12-04 23:35:00,incoming
194-638-8390,221-352-4993,2017-05-22 21:10:00,2017-05-22 21:44:00,outgoing
576-444-8440,221-352-4993,2017-08-02 12:34:00,2017-08-02 12:47:00,incoming
306-378-4644,576-444-8440,2017-08-11 06:56:00,2017-08-11 07:14:00,incoming
846-756-5396,593-792-6975,2018-03-17 08:40:00,2018-03-17 08:57:00,incoming
576-444-8440,221-352-4993,2018-07-11 09:14:00,2018-07-11 09:22:00,outgoing
221-352-4993,846-756-5396,2017-07-02 22:54:00,2017-07-02 22:54:00,missed call
306-378-4644,232-739-6412,2017-03-18 17:18:00,2017-03-18 17:46:00,incoming
194-638-8390,232-739-6412,2019-03-10 09:20:00,2019-03-10 10:16:00,incoming
143-531-4623,194-638-8390,2018-03-28 06:08:00,2018-03-28 06:08:00,missed call
576-444-8440,593-792-6975,2017-08-10 23:28:00,2017-08-10 23:28:00,missed call
335-702-9515,846-756-5396,2019-04-02 08:18:00,2019-04-02 08:44:00,incoming
965-184-6491,593-792-6975,2018-11-14 05:15:00,2018-11-14 05:39:00,outgoing
593-792-6975,194-638-8390,2019-02-13 06:09:00,2019-02-13 06:46:00,incoming
194-638-8390,965-184-6491,2019-02-11 20:30:00,2019-02-11 20:53:00,outgoing
335-702-9515,846-756-5396,2017-03-29 02:28:00,2017-03-29 02:48:00,incoming
576-444-8440,846-756-5396,2017-02-09 06:09:00,2017-02-09 06:20:00,outgoing
335-702-9515,143-531-4623,2018-10-19 04:55:00,2018-10-19 04:58:00,incoming
846-756-5396,335-702-9515,2018-02-13 05:57:00,2018-02-13 06:13:00,outgoing
965-184-6491,846-756-5396,2017-11-08 16:09:00,2017-11-08 16:09:00,missed call
965-184-6491,221-352-4993,2017-05-06 15:13:00,2017-05-06 16:06:00,outgoing
194-638-8390,335-702-9515,2018-01-14 10:12:00,2018-01-14 10:12:00,missed call
232-739-6412,593-792-6975,2019-02-16 23:26:00,2019-02-16 23:26:00,outgoing
194-638-8390,306-378-4644,2017-04-15 11:52:00,2017-04-15 12:39:00,incoming
846-756-5396,232-739-6412,2017-12-03 14:26:00,2017-12-03 14:31:00,incoming
576-444-8440,221-352-4993,2017-05-21 14:56:00,2017-05-21 15:50:00,incoming
593-792-6975,846-756-5396,2017-01-28 23:58:00,2017-01-29 00:49:00,incoming
335-702-9515,221-352-4993,2018-05-20 04:23:00,2018-05-20 04:41:00,incoming
593-792-6975,306-378-4644,2018-08-28 08:33:00,2018-08-28 09:20:00,outgoing
593-792-6975,576-444-8440,2018-03-24 04:55:00,2018-03-24 05:02:00,incoming
533-355-4316,876-406-5867,2019-04-03 02:24:00,2019-04-03 03:13:00,incoming
797-683-8500,897-101-5964,2019-02-22 19:05:00,2019-02-22 19:58:00,outgoing
209-935-3693,802-596-7910,2019-01-12 22:15:00,2019-01-12 23:11:00,incoming
209-935-3693,897-101-5964,2018-05-03 07:28:00,2018-05-03 07:50:00,incoming
209-935-3693,320-924-6906,2017-07-05 20:23:00,2017-07-05 20:33:00,outgoing
689-608-1743,897-101-5964,2018-02-11 08:06:00,2018-02-11 08:44:00,outgoing
689-608-1743,797-683-8500,2019-04-11 04:31:00,2019-04-11 04:31:00,missed call
897-101-5964,825-843-6648,2018-07-30 11:10:00,2018-07-30 11:40:00,incoming
320-924-6906,897-101-5964,2018-05-11 00:31:00,2018-05-11 01:14:00,incoming
209-935-3693,422-733-0037,2017-03-09 16:29:00,2017-03-09 16:29:00,missed call
209-935-3693,825-843-6648,2017-01-13 20:59:00,2017-01-13 20:59:00,missed call
797-683-8500,897-101-5964,2019-05-19 20:30:00,2019-05-19 21:13:00,incoming
209-935-3693,533-355-4316,2017-07-11 17:49:00,2017-07-11 18:21:00,incoming
802-596-7910,797-683-8500,2018-11-22 21:07:00,2018-11-22 21:36:00,outgoing
209-935-3693,422-733-0037,2017-03-30 05:35:00,2017-03-30 05:35:00,missed call
209-935-3693,897-101-5964,2018-01-25 06:28:00,2018-01-25 06:40:00,incoming
422-733-0037,802-596-7910,2018-06-08 08:50:00,2018-06-08 08:50:00,missed call
897-101-5964,533-355-4316,2017-12-06 10:01:00,2017-12-06 10:01:00,missed call
876-406-5867,897-101-5964,2018-08-20 08:12:00,2018-08-20 08:21:00,outgoing
897-101-5964,797-683-8500,2017-05-02 05:24:00,2017-05-02 05:45:00,outgoing
876-406-5867,825-843-6648,2017-04-24 06:00:00,2017-04-24 06:00:00,incoming
422-733-0037,897-101-5964,2017-04-10 14:12:00,2017-04-10 14:52:00,outgoing
897-101-5964,802-596-7910,2017-01-30 00:07:00,2017-01-30 00:58:00,outgoing
897-101-5964,797-683-8500,2017-07-31 07:47:00,2017-07-31 08:13:00,incoming
802-596-7910,320-924-6906,2018-03-16 05:13:00,2018-03-16 05:13:00,missed call
422-733-0037,320-924-6906,2018-04-02 09:50:00,2018-04-02 09:50:00,missed call
802-596-7910,209-935-3693,2018-03-11 03:27:00,2018-03-11 03:27:00,missed call
802-596-7910,797-683-8500,2018-03-16 15:58:00,2018-03-16 15:58:00,missed call
422-733-0037,802-596-7910,2017-06-10 05:24:00,2017-06-10 06:09:00,incoming
422-733-0037,533-355-4316,2018-02-18 09:10:00,2018-02-18 09:52:00,incoming
422-733-0037,897-101-5964,2018-10-11 08:18:00,2018-10-11 08:23:00,outgoing
876-406-5867,320-924-6906,2018-07-19 22:11:00,2018-07-19 22:19:00,outgoing
689-608-1743,533-355-4316,2019-05-07 03:26:00,2019-05-07 03:54:00,outgoing
797-683-8500,897-101-5964,2017-03-21 15:07:00,2017-03-21 15:07:00,missed call
320-924-6906,533-355-4316,2017-12-16 03:57:00,2017-12-16 04:48:00,outgoing
533-355-4316,802-596-7910,2019-03-16 05:40:00,2019-03-16 06:12:00,outgoing
802-596-7910,533-355-4316,2018-04-29 03:03:00,2018-04-29 03:03:00,missed call
825-843-6648,320-924-6906,2018-04-12 18:51:00,2018-04-12 18:51:00,missed call
320-924-6906,209-935-3693,2018-06-21 18:59:00,2018-06-21 19:01:00,incoming
209-935-3693,897-101-5964,2017-08-25 02:58:00,2017-08-25 02:58:00,missed call
320-924-6906,897-101-5964,2017-01-06 21:52:00,2017-01-06 21:52:00,missed call
209-935-3693,876-406-5867,2017-05-21 13:49:00,2017-05-21 14:40:00,outgoing
422-733-0037,209-935-3693,2017-01-05 01:03:00,2017-01-05 01:23:00,incoming
876-406-5867,422-733-0037,2017-01-27 22:11:00,2017-01-27 22:11:00,missed call
802-596-7910,533-355-4316,2017-09-19 14:52:00,2017-09-19 14:52:00,missed call
320-924-6906,422-733-0037,2017-09-27 14:07:00,2017-09-27 14:07:00,missed call
689-608-1743,876-406-5867,2018-12-04 19:45:00,2018-12-04 20:04:00,incoming
825-843-6648,797-683-8500,2019-03-22 17:53:00,2019-03-22 18:47:00,incoming
320-924-6906,797-683-8500,2018-02-06 10:50:00,2018-02-06 10:50:00,missed call
802-596-7910,689-608-1743,2017-12-28 01:13:00,2017-12-28 01:58:00,incoming
876-406-5867,897-101-5964,2017-11-22 20:21:00,2017-11-22 20:21:00,missed call
533-355-4316,876-406-5867,2018-09-12 12:30:00,2018-09-12 12:30:00,missed call
797-683-8500,876-406-5867,2018-12-13 01:14:00,2018-12-13 02:14:00,outgoing
209-935-3693,320-924-6906,2018-02-21 08:26:00,2018-02-21 09:16:00,outgoing
533-355-4316,825-843-6648,2018-10-25 04:10:00,2018-10-25 04:34:00,outgoing
320-924-6906,422-733-0037,2017-02-21 20:40:00,2017-02-21 20:40:00,missed call
320-924-6906,825-843-6648,2018-06-20 13:12:00,2018-06-20 13:58:00,outgoing
876-406-5867,689-608-1743,2019-04-11 22:25:00,2019-04-11 22:48:00,outgoing
876-406-5867,689-608-1743,2017-10-06 23:35:00,2017-10-06 23:47:00,outgoing
209-935-3693,876-406-5867,2018-09-11 19:57:00,2018-09-11 19:57:00,missed call
825-843-6648,533-355-4316,2019-02-25 22:35:00,2019-02-25 22:45:00,outgoing
533-355-4316,689-608-1743,2017-03-29 15:37:00,2017-03-29 16:00:00,outgoing
689-608-1743,802-596-7910,2019-01-14 17:19:00,2019-01-14 17:49:00,incoming
802-596-7910,876-406-5867,2019-04-12 23:01:00,2019-04-12 23:21:00,incoming
320-924-6906,897-101-5964,2017-05-24 10:40:00,2017-05-24 10:40:00,missed call
825-843-6648,533-355-4316,2019-03-02 16:49:00,2019-03-02 17:29:00,incoming
797-683-8500,533-355-4316,2018-05-24 12:21:00,2018-05-24 12:21:00,missed call
209-935-3693,876-406-5867,2018-07-22 13:05:00,2018-07-22 13:05:00,missed call
209-935-3693,422-733-0037,2017-02-22 06:07:00,2017-02-22 06:49:00,outgoing
897-101-5964,320-924-6906,2018-10-13 16:48:00,2018-10-13 17:12:00,outgoing
825-843-6648,689-608-1743,2017-07-01 07:23:00,2017-07-01 08:11:00,outgoing
320-924-6906,689-608-1743,2017-09-28 00:34:00,2017-09-28 01:01:00,incoming
802-596-7910,533-355-4316,2017-04-24 03:00:00,2017-04-24 03:40:00,outgoing
533-355-4316,689-608-1743,2019-04-09 23:30:00,2019-04-09 23:30:00,missed call
689-608-1743,797-683-8500,2017-02-26 08:07:00,2017-02-26 08:20:00,outgoing
689-608-1743,825-843-6648,2018-10-13 17:42:00,2018-10-13 18:23:00,incoming
802-596-7910,689-608-1743,2017-02-04 05:08:00,2017-02-04 05:08:00,missed call
797-683-8500,802-596-7910,2017-03-31 02:37:00,2017-03-31 03:09:00,outgoing
209-935-3693,876-406-5867,2017-10-01 02:43:00,2017-10-01 03:04:00,outgoing
825-843-6648,533-355-4316,2017-07-13 11:03:00,2017-07-13 12:03:00,incoming
802-596-7910,422-733-0037,2017-04-14 11:34:00,2017-04-14 11:34:00,missed call
897-101-5964,533-355-4316,2018-05-24 03:01:00,2018-05-24 03:14:00,incoming
209-935-3693,689-608-1743,2017-01-29 03:20:00,2017-01-29 03:20:00,missed call
876-406-5867,422-733-0037,2019-05-30 23:18:00,2019-05-30 23:38:00,incoming
876-406-5867,422-733-0037,2018-04-12 19:51:00,2018-04-12 20:14:00,outgoing
802-596-7910,320-924-6906,2019-02-26 18:38:00,2019-02-26 18:38:00,missed call
209-935-3693,825-843-6648,2018-01-03 20:47:00,2018-01-03 20:47:00,missed call
209-935-3693,689-608-1743,2019-04-19 07:07:00,2019-04-19 07:27:00,outgoing
802-596-7910,422-733-0037,2018-10-22 09:53:00,2018-10-22 10:44:00,incoming
876-406-5867,209-935-3693,2018-07-31 08:42:00,2018-07-31 09:07:00,incoming
422-733-0037,797-683-8500,2018-01-01 01:11:00,2018-01-01 01:44:00,incoming
437-443-4548,675-142-2320,2017-11-09 23:52:00,2017-11-10 00:01:00,outgoing
931-318-8690,757-336-8759,2017-10-10 04:04:00,2017-10-10 04:56:00,outgoing
437-443-4548,957-659-2812,2018-11-18 13:53:00,2018-11-18 14:05:00,outgoing
675-142-2320,381-589-4551,2017-11-12 11:27:00,2017-11-12 12:02:00,outgoing
437-443-4548,957-659-2812,2018-06-05 01:04:00,2018-06-05 01:58:00,incoming
426-342-4940,757-336-8759,2018-11-30 19:33:00,2018-11-30 20:24:00,outgoing
399-798-9107,437-443-4548,2019-04-04 14:44:00,2019-04-04 14:59:00,outgoing
757-336-8759,675-142-2320,2018-11-24 09:39:00,2018-11-24 09:54:00,outgoing
757-336-8759,675-142-2320,2017-04-17 10:27:00,2017-04-17 10:58:00,outgoing
675-142-2320,381-589-4551,2018-06-21 17:00:00,2018-06-21 17:00:00,outgoing
757-336-8759,381-589-4551,2017-06-29 17:50:00,2017-06-29 17:50:00,missed call
399-798-9107,675-142-2320,2017-11-06 02:59:00,2017-11-06 03:08:00,incoming
426-342-4940,899-184-9861,2018-11-19 09:58:00,2018-11-19 10:11:00,outgoing
399-798-9107,675-142-2320,2017-04-07 07:19:00,2017-04-07 07:37:00,incoming
957-659-2812,675-142-2320,2017-02-26 07:31:00,2017-02-26 07:31:00,missed call
675-142-2320,426-342-4940,2019-05-27 20:00:00,2019-05-27 20:02:00,incoming
675-142-2320,757-336-8759,2018-12-08 20:09:00,2018-12-08 21:06:00,outgoing
899-184-9861,957-659-2812,2019-04-19 02:11:00,2019-04-19 03:03:00,incoming
675-142-2320,899-184-9861,2019-01-26 15:19:00,2019-01-26 16:10:00,incoming
931-318-8690,399-798-9107,2018-02-23 16:48:00,2018-02-23 17:28:00,outgoing
426-342-4940,675-142-2320,2017-09-25 08:41:00,2017-09-25 09:35:00,incoming
757-336-8759,399-798-9107,2018-10-24 21:38:00,2018-10-24 21:38:00,missed call
437-443-4548,424-338-1888,2018-08-27 22:22:00,2018-08-27 22:22:00,missed call
426-342-4940,675-142-2320,2019-05-30 23:38:00,2019-05-30 23:38:00,missed call
757-336-8759,899-184-9861,2017-07-24 15:48:00,2017-07-24 15:48:00,missed call
399-798-9107,899-184-9861,2017-05-23 23:15:00,2017-05-23 23:26:00,incoming
437-443-4548,931-318-8690,2019-01-08 23:27:00,2019-01-08 23:37:00,incoming
426-342-4940,899-184-9861,2017-08-27 20:46:00,2017-08-27 21:13:00,outgoing
399-798-9107,381-589-4551,2018-04-08 12:44:00,2018-04-08 13:33:00,incoming
426-342-4940,424-338-1888,2019-05-16 22:46:00,2019-05-16 23:34:00,incoming
675-142-2320,381-589-4551,2018-11-29 00:38:00,2018-11-29 01:07:00,outgoing
757-336-8759,899-184-9861,2017-03-01 20:02:00,2017-03-01 20:02:00,missed call
931-318-8690,675-142-2320,2018-12-29 00:28:00,2018-12-29 00:58:00,incoming
426-342-4940,424-338-1888,2018-04-18 05:58:00,2018-04-18 06:27:00,outgoing
675-142-2320,424-338-1888,2019-02-07 14:38:00,2019-02-07 14:38:00,missed call
437-443-4548,424-338-1888,2017-12-23 23:37:00,2017-12-24 00:00:00,outgoing
399-798-9107,675-142-2320,2017-11-08 01:54:00,2017-11-08 02:29:00,outgoing
399-798-9107,426-342-4940,2017-11-09 12:29:00,2017-11-09 13:17:00,incoming
424-338-1888,931-318-8690,2018-12-07 20:45:00,2018-12-07 20:48:00,incoming
381-589-4551,675-142-2320,2019-01-23 03:58:00,2019-01-23 04:57:00,outgoing
675-142-2320,957-659-2812,2018-03-14 13:55:00,2018-03-14 14:52:00,outgoing
437-443-4548,426-342-4940,2017-03-05 02:57:00,2017-03-05 02:57:00,missed call
399-798-9107,675-142-2320,2019-01-03 15:06:00,2019-01-03 15:56:00,incoming
757-336-8759,424-338-1888,2019-02-14 17:11:00,2019-02-14 17:11:00,missed call
437-443-4548,426-342-4940,2019-05-14 20:32:00,2019-05-14 20:32:00,missed call
899-184-9861,437-443-4548,2017-01-23 17:56:00,2017-01-23 18:31:00,outgoing
957-659-2812,424-338-1888,2018-06-01 09:25:00,2018-06-01 09:25:00,missed call
675-142-2320,957-659-2812,2018-01-22 04:47:00,2018-01-22 05:34:00,incoming
757-336-8759,399-798-9107,2018-02-07 11:57:00,2018-02-07 11:59:00,incoming
426-342-4940,757-336-8759,2018-01-18 17:48:00,2018-01-18 18:07:00,incoming
426-342-4940,957-659-2812,2017-11-25 17:52:00,2017-11-25 18:30:00,outgoing
426-342-4940,424-338-1888,2017-12-23 16:55:00,2017-12-23 17:04:00,outgoing
899-184-9861,426-342-4940,2018-02-04 11:05:00,2018-02-04 11:52:00,outgoing
757-336-8759,675-142-2320,2017-12-09 01:30:00,2017-12-09 02:09:00,outgoing
426-342-4940,437-443-4548,2017-01-23 19:02:00,2017-01-23 19:57:00,outgoing
675-142-2320,931-318-8690,2019-01-07 02:55:00,2019-01-07 03:19:00,incoming
381-589-4551,675-142-2320,2017-02-24 14:44:00,2017-02-24 14:44:00,missed call
426-342-4940,424-338-1888,2017-01-25 11:30:00,2017-01-25 11:41:00,incoming
675-142-2320,381-589-4551,2018-01-14 05:53:00,2018-01-14 05:53:00,missed call
931-318-8690,426-342-4940,2017-10-23 09:50:00,2017-10-23 10:33:00,incoming
757-336-8759,899-184-9861,2019-02-03 04:06:00,2019-02-03 04:51:00,outgoing
399-798-9107,957-659-2812,2018-08-01 13:10:00,2018-08-01 13:58:00,outgoing
899-184-9861,757-336-8759,2018-01-24 23:32:00,2018-01-25 00:29:00,incoming
957-659-2812,675-142-2320,2018-10-22 08:48:00,2018-10-22 09:27:00,incoming
899-184-9861,957-659-2812,2019-06-01 01:04:00,2019-06-01 01:52:00,incoming
675-142-2320,437-443-4548,2019-03-22 14:11:00,2019-03-22 14:21:00,outgoing
381-589-4551,675-142-2320,2018-11-12 18:27:00,2018-11-12 19:25:00,incoming
381-589-4551,426-342-4940,2018-11-11 07:15:00,2018-11-11 07:47:00,incoming
675-142-2320,424-338-1888,2019-05-10 11:43:00,2019-05-10 12:23:00,outgoing
426-342-4940,931-318-8690,2017-06-10 16:04:00,2017-06-10 16:17:00,incoming
757-336-8759,399-798-9107,2017-03-30 13:37:00,2017-03-30 14:17:00,outgoing
381-589-4551,399-798-9107,2017-01-30 01:04:00,2017-01-30 01:04:00,missed call
426-342-4940,675-142-2320,2019-01-26 00:35:00,2019-01-26 00:35:00,missed call
399-798-9107,757-336-8759,2017-01-09 15:25:00,2017-01-09 15:52:00,incoming
757-336-8759,424-338-1888,2017-04-19 23:45:00,2017-04-20 00:08:00,incoming
757-336-8759,957-659-2812,2018-01-15 20:36:00,2018-01-15 21:00:00,incoming
399-798-9107,675-142-2320,2018-03-25 16:05:00,2018-03-25 16:25:00,outgoing
757-336-8759,424-338-1888,2017-04-01 16:58:00,2017-04-01 17:57:00,outgoing
426-342-4940,424-338-1888,2017-04-15 22:28:00,2017-04-15 22:28:00,missed call
381-589-4551,899-184-9861,2019-05-24 02:38:00,2019-05-24 03:33:00,outgoing
931-318-8690,757-336-8759,2019-05-10 05:40:00,2019-05-10 05:40:00,missed call
931-318-8690,757-336-8759,2018-06-05 17:51:00,2018-06-05 17:51:00,missed call
437-443-4548,399-798-9107,2019-05-11 23:33:00,2019-05-12 00:15:00,incoming
675-142-2320,426-342-4940,2018-03-15 03:42:00,2018-03-15 04:36:00,outgoing
424-338-1888,931-318-8690,2017-04-13 12:41:00,2017-04-13 12:41:00,missed call
381-589-4551,675-142-2320,2019-04-29 16:00:00,2019-04-29 16:35:00,incoming
424-338-1888,931-318-8690,2018-09-26 03:21:00,2018-09-26 03:55:00,outgoing
437-443-4548,424-338-1888,2018-11-16 17:33:00,2018-11-16 17:58:00,outgoing
424-338-1888,437-443-4548,2017-03-31 18:48:00,2017-03-31 19:33:00,incoming
424-338-1888,899-184-9861,2018-06-23 03:41:00,2018-06-23 04:05:00,outgoing
675-142-2320,426-342-4940,2017-02-06 09:37:00,2017-02-06 10:28:00,outgoing
675-142-2320,437-443-4548,2017-03-27 03:11:00,2017-03-27 03:42:00,outgoing
675-142-2320,426-342-4940,2017-12-21 14:30:00,2017-12-21 14:59:00,incoming
931-318-8690,381-589-4551,2017-01-08 10:06:00,2017-01-08 10:37:00,outgoing
426-342-4940,899-184-9861,2019-05-05 08:08:00,2019-05-05 08:17:00,incoming
725-415-6951,797-327-4834,2019-02-11 04:17:00,2019-02-11 04:17:00,missed call
266-359-0293,797-327-4834,2018-08-03 07:52:00,2018-08-03 08:34:00,outgoing
102-962-5125,725-415-6951,2018-01-08 13:15:00,2018-01-08 13:30:00,outgoing
102-962-5125,844-626-7152,2019-05-05 13:40:00,2019-05-05 13:40:00,missed call
410-685-9374,266-359-0293,2019-05-12 21:00:00,2019-05-12 21:41:00,outgoing
725-415-6951,797-327-4834,2018-07-14 09:23:00,2018-07-14 10:10:00,outgoing
527-692-9334,126-285-8913,2018-11-09 08:32:00,2018-11-09 09:28:00,incoming
410-685-9374,725-415-6951,2019-03-27 15:42:00,2019-03-27 15:50:00,outgoing
353-760-5645,102-962-5125,2018-07-25 05:46:00,2018-07-25 06:19:00,outgoing
690-105-8381,353-760-5645,2018-12-02 00:05:00,2018-12-02 00:50:00,incoming
410-685-9374,725-415-6951,2019-01-27 04:01:00,2019-01-27 04:01:00,missed call
725-415-6951,266-359-0293,2018-09-10 18:34:00,2018-09-10 18:34:00,missed call
266-359-0293,126-285-8913,2017-09-23 14:23:00,2017-09-23 14:25:00,outgoing
266-359-0293,410-685-9374,2018-05-22 02:32:00,2018-05-22 03:07:00,outgoing
844-626-7152,353-760-5645,2017-02-11 01:11:00,2017-02-11 01:11:00,missed call
527-692-9334,690-105-8381,2017-12-22 02:27:00,2017-12-22 03:24:00,outgoing
126-285-8913,266-359-0293,2017-06-13 20:15:00,2017-06-13 20:53:00,outgoing
266-359-0293,844-626-7152,2019-04-12 16:29:00,2019-04-12 16:34:00,incoming
797-327-4834,844-626-7152,2017-08-06 04:00:00,2017-08-06 04:09:00,outgoing
102-962-5125,690-105-8381,2019-05-14 09:35:00,2019-05-14 09:35:00,missed call
102-962-5125,690-105-8381,2018-06-08 05:53:00,2018-06-08 06:49:00,outgoing
266-359-0293,126-285-8913,2019-03-12 08:35:00,2019-03-12 08:54:00,outgoing
353-760-5645,102-962-5125,2018-03-28 12:42:00,2018-03-28 13:19:00,outgoing
126-285-8913,844-626-7152,2018-04-23 19:37:00,2018-04-23 20:28:00,incoming
527-692-9334,353-760-5645,2017-08-19 18:09:00,2017-08-19 18:09:00,missed call
102-962-5125,690-105-8381,2019-04-11 13:01:00,2019-04-11 13:40:00,outgoing
353-760-5645,725-415-6951,2017-01-08 16:16:00,2017-01-08 16:16:00,missed call
844-626-7152,410-685-9374,2019-03-06 17:11:00,2019-03-06 17:16:00,outgoing
844-626-7152,266-359-0293,2018-08-11 00:35:00,2018-08-11 00:35:00,missed call
353-760-5645,410-685-9374,2017-01-21 18:20:00,2017-01-21 19:14:00,incoming
725-415-6951,527-692-9334,2018-09-05 22:38:00,2018-09-05 22:38:00,missed call
126-285-8913,353-760-5645,2018-02-01 00:09:00,2018-02-01 00:09:00,missed call
527-692-9334,353-760-5645,2018-12-25 05:44:00,2018-12-25 06:26:00,incoming
410-685-9374,797-327-4834,2018-07-16 09:53:00,2018-07-16 10:20:00,outgoing
527-692-9334,797-327-4834,2018-10-17 23:37:00,2018-10-18 00:00:00,outgoing
690-105-8381,527-692-9334,2018-06-12 19:48:00,2018-06-12 19:48:00,missed call
797-327-4834,353-760-5645,2017-07-17 07:01:00,2017-07-17 07:43:00,outgoing
725-415-6951,102-962-5125,2019-02-09 07:40:00,2019-02-09 08:11:00,outgoing
690-105-8381,266-359-0293,2018-03-13 22:59:00,2018-03-13 22:59:00,missed call
725-415-6951,266-359-0293,2018-11-19 15:44:00,2018-11-19 16:20:00,incoming
690-105-8381,102-962-5125,2017-02-27 06:07:00,2017-02-27 06:07:00,missed call
353-760-5645,690-105-8381,2018-06-08 06:59:00,2018-06-08 07:20:00,incoming
353-760-5645,844-626-7152,2017-10-22 09:46:00,2017-10-22 10:06:00,incoming
527-692-9334,126-285-8913,2017-12-09 05:51:00,2017-12-09 06:03:00,incoming
126-285-8913,527-692-9334,2019-04-08 12:34:00,2019-04-08 12:36:00,outgoing
844-626-7152,353-760-5645,2018-05-23 10:03:00,2018-05-23 10:13:00,incoming
690-105-8381,126-285-8913,2018-01-08 08:32:00,2018-01-08 08:55:00,outgoing
353-760-5645,266-359-0293,2019-02-08 00:08:00,2019-02-08 00:08:00,missed call
725-415-6951,844-626-7152,2017-07-25 03:26:00,2017-07-25 03:47:00,outgoing
797-327-4834,410-685-9374,2018-09-26 05:55:00,2018-09-26 06:28:00,incoming
797-327-4834,725-415-6951,2017-04-20 11:16:00,2017-04-20 12:16:00,incoming
527-692-9334,126-285-8913,2017-08-21 10:53:00,2017-08-21 10:53:00,missed call
527-692-9334,126-285-8913,2017-10-21 03:25:00,2017-10-21 03:25:00,missed call
266-359-0293,690-105-8381,2017-08-19 07:10:00,2017-08-19 07:14:00,outgoing
690-105-8381,126-285-8913,2017-04-14 20:50:00,2017-04-14 21:10:00,incoming
725-415-6951,353-760-5645,2018-12-03 23:59:00,2018-12-04 00:16:00,outgoing
527-692-9334,266-359-0293,2017-05-17 09:01:00,2017-05-17 09:21:00,outgoing
126-285-8913,102-962-5125,2017-04-18 18:23:00,2017-04-18 18:49:00,outgoing
353-760-5645,690-105-8381,2018-03-31 02:19:00,2018-03-31 02:58:00,outgoing
844-626-7152,266-359-0293,2018-12-02 05:29:00,2018-12-02 05:29:00,missed call
410-685-9374,527-692-9334,2018-11-09 14:01:00,2018-11-09 14:36:00,incoming
410-685-9374,353-760-5645,2017-04-10 08:38:00,2017-04-10 08:38:00,missed call
725-415-6951,126-285-8913,2018-06-18 04:51:00,2018-06-18 05:23:00,incoming
844-626-7152,102-962-5125,2018-02-23 15:57:00,2018-02-23 15:57:00,missed call
353-760-5645,126-285-8913,2019-04-13 07:34:00,2019-04-13 08:26:00,outgoing
410-685-9374,844-626-7152,2018-08-19 12:08:00,2018-08-19 12:53:00,outgoing
725-415-6951,527-692-9334,2018-02-14 02:54:00,2018-02-14 03:10:00,outgoing
844-626-7152,126-285-8913,2019-01-26 02:58:00,2019-01-26 03:54:00,outgoing
690-105-8381,410-685-9374,2017-12-18 09:03:00,2017-12-18 09:03:00,missed call
266-359-0293,690-105-8381,2018-12-29 14:20:00,2018-12-29 14:59:00,incoming
410-685-9374,844-626-7152,2017-10-31 20:56:00,2017-10-31 21:29:00,outgoing
266-359-0293,725-415-6951,2018-07-14 19:21:00,2018-07-14 20:06:00,incoming
353-760-5645,102-962-5125,2018-12-27 00:30:00,2018-12-27 00:30:00,missed call
126-285-8913,690-105-8381,2018-12-15 11:25:00,2018-12-15 12:14:00,outgoing
126-285-8913,725-415-6951,2019-04-09 00:23:00,2019-04-09 00:30:00,incoming
527-692-9334,797-327-4834,2018-10-20 05:43:00,2018-10-20 06:12:00,incoming
797-327-4834,353-760-5645,2017-05-13 04:43:00,2017-05-13 05:41:00,incoming
690-105-8381,527-692-9334,2018-08-05 11:08:00,2018-08-05 12:06:00,outgoing
353-760-5645,102-962-5125,2017-07-09 17:23:00,2017-07-09 17:45:00,incoming
797-327-4834,844-626-7152,2019-01-19 22:56:00,2019-01-19 23:01:00,outgoing
410-685-9374,266-359-0293,2017-03-01 04:01:00,2017-03-01 04:15:00,outgoing
353-760-5645,527-692-9334,2017-10-04 10:25:00,2017-10-04 10:29:00,incoming
797-327-4834,266-359-0293,2019-02-03 08:48:00,2019-02-03 09:21:00,outgoing
527-692-9334,266-359-0293,2018-08-29 20:51:00,2018-08-29 20:51:00,missed call
353-760-5645,126-285-8913,2017-10-01 13:36:00,2017-10-01 14:08:00,incoming
725-415-6951,527-692-9334,2017-09-30 05:06:00,2017-09-30 05:06:00,missed call
266-359-0293,527-692-9334,2017-09-06 13:06:00,2017-09-06 13:06:00,missed call
527-692-9334,844-626-7152,2019-03-18 17:11:00,2019-03-18 17:11:00,missed call
126-285-8913,797-327-4834,2019-02-07 16:35:00,2019-02-07 17:11:00,incoming
148-346-8847,583-139-1032,2019-05-05 21:13:00,2019-05-05 21:47:00,incoming
939-704-5084,947-601-2803,2018-01-28 00:39:00,2018-01-28 00:45:00,outgoing
788-947-6027,826-275-4326,2017-11-14 04:43:00,2017-11-14 05:01:00,outgoing
396-909-1708,216-732-0449,2017-05-16 16:01:00,2017-05-16 16:31:00,outgoing
788-947-6027,216-732-0449,2018-03-01 14:26:00,2018-03-01 14:26:00,missed call
396-909-1708,939-704-5084,2019-03-25 09:30:00,2019-03-25 09:30:00,missed call
396-909-1708,947-601-2803,2017-07-12 23:44:00,2017-07-13 00:25:00,outgoing
583-139-1032,826-275-4326,2018-08-17 20:35:00,2018-08-17 21:14:00,outgoing
939-704-5084,216-732-0449,2019-01-25 07:42:00,2019-01-25 07:42:00,missed call
947-601-2803,990-255-2170,2017-02-14 20:44:00,2017-02-14 21:29:00,incoming
396-909-1708,939-704-5084,2017-07-02 16:08:00,2017-07-02 16:09:00,incoming
216-732-0449,748-938-9285,2017-06-15 03:08:00,2017-06-15 03:08:00,missed call
788-947-6027,148-346-8847,2019-01-04 17:23:00,2019-01-04 17:24:00,outgoing
396-909-1708,148-346-8847,2018-11-15 23:43:00,2018-11-16 00:18:00,outgoing
788-947-6027,216-732-0449,2018-09-03 23:36:00,2018-09-03 23:48:00,incoming
748-938-9285,583-139-1032,2018-10-26 16:07:00,2018-10-26 16:07:00,missed call
947-601-2803,939-704-5084,2017-03-07 03:10:00,2017-03-07 03:10:00,missed call
216-732-0449,583-139-1032,2018-08-13 20:01:00,2018-08-13 21:00:00,incoming
788-947-6027,990-255-2170,2017-07-30 00:09:00,2017-07-30 00:09:00,missed call
748-938-9285,583-139-1032,2018-04-22 17:36:00,2018-04-22 18:12:00,incoming
990-255-2170,947-601-2803,2019-03-11 19:16:00,2019-03-11 19:16:00,missed call
947-601-2803,583-139-1032,2018-07-13 17:53:00,2018-07-13 18:08:00,incoming
990-255-2170,216-732-0449,2018-11-16 02:47:00,2018-11-16 03:10:00,outgoing
788-947-6027,583-139-1032,2019-02-10 05:12:00,2019-02-10 06:03:00,outgoing
216-732-0449,748-938-9285,2018-10-10 23:07:00,2018-10-10 23:55:00,incoming
939-704-5084,148-346-8847,2019-01-28 08:48:00,2019-01-28 08:48:00,missed call
990-255-2170,788-947-6027,2017-07-17 10:38:00,2017-07-17 11:17:00,outgoing
939-704-5084,583-139-1032,2019-05-05 00:24:00,2019-05-05 00:24:00,missed call
826-275-4326,748-938-9285,2019-01-06 05:47:00,2019-01-06 05:47:00,missed call
583-139-1032,990-255-2170,2018-01-03 19:03:00,2018-01-03 19:03:00,missed call
148-346-8847,216-732-0449,2017-06-19 19:50:00,2017-06-19 19:53:00,outgoing
396-909-1708,788-947-6027,2019-05-07 11:45:00,2019-05-07 11:45:00,missed call
826-275-4326,748-938-9285,2018-01-16 21:04:00,2018-01-16 21:25:00,incoming
396-909-1708,583-139-1032,2017-09-23 00:31:00,2017-09-23 00:49:00,incoming
748-938-9285,788-947-6027,2018-02-23 22:29:00,2018-02-23 22:29:00,missed call
148-346-8847,748-938-9285,2017-09-10 09:17:00,2017-09-10 09:45:00,outgoing
748-938-9285,947-601-2803,2017-07-18 03:32:00,2017-07-18 03:58:00,incoming
990-255-2170,748-938-9285,2019-03-03 17:28:00,2019-03-03 17:28:00,missed call
947-601-2803,748-938-9285,2017-10-12 08:48:00,2017-10-12 09:10:00,outgoing
148-346-8847,947-601-2803,2019-01-15 00:22:00,2019-01-15 01:21:00,outgoing
396-909-1708,148-346-8847,2018-04-16 08:52:00,2018-04-16 08:52:00,missed call
788-947-6027,826-275-4326,2017-05-19 14:52:00,2017-05-19 15:52:00,incoming
583-139-1032,748-938-9285,2018-09-27 05:05:00,2018-09-27 05:05:00,missed call
396-909-1708,748-938-9285,2017-04-14 22:14:00,2017-04-14 22:28:00,outgoing
939-704-5084,583-139-1032,2018-11-13 12:01:00,2018-11-13 12:47:00,incoming
396-909-1708,788-947-6027,2019-01-30 19:24:00,2019-01-30 19:24:00,missed call
939-704-5084,947-601-2803,2019-01-17 12:27:00,2019-01-17 12:27:00,missed call
583-139-1032,788-947-6027,2018-11-02 06:52:00,2018-11-02 07:08:00,outgoing
788-947-6027,990-255-2170,2017-08-16 13:41:00,2017-08-16 13:41:00,missed call
826-275-4326,148-346-8847,2017-01-02 09:36:00,2017-01-02 10:17:00,incoming
748-938-9285,788-947-6027,2017-03-27 04:08:00,2017-03-27 04:56:00,outgoing
216-732-0449,990-255-2170,2019-02-03 14:01:00,2019-02-03 14:24:00,outgoing
990-255-2170,947-601-2803,2018-04-09 09:48:00,2018-04-09 09:48:00,missed call
148-346-8847,939-704-5084,2018-06-27 00:16:00,2018-06-27 00:52:00,incoming
216-732-0449,939-704-5084,2018-08-16 23:30:00,2018-08-16 23:44:00,incoming
748-938-9285,216-732-0449,2019-03-18 11:57:00,2019-03-18 11:57:00,missed call
216-732-0449,990-255-2170,2017-05-15 16:37:00,2017-05-15 16:45:00,incoming
148-346-8847,396-909-1708,2019-02-25 10:25:00,2019-02-25 10:25:00,missed call
990-255-2170,583-139-1032,2018-02-14 03:37:00,2018-02-14 03:37:00,missed call
583-139-1032,748-938-9285,2018-11-24 19:05:00,2018-11-24 19:51:00,incoming
396-909-1708,947-601-2803,2017-10-09 13:28:00,2017-10-09 14:08:00,incoming
990-255-2170,148-346-8847,2017-11-21 17:21:00,2017-11-21 17:26:00,outgoing
396-909-1708,748-938-9285,2017-07-23 23:08:00,2017-07-23 23:08:00,missed call
826-275-4326,939-704-5084,2019-04-08 23:02:00,2019-04-08 23:48:00,outgoing
583-139-1032,396-909-1708,2019-05-12 09:02:00,2019-05-12 09:12:00,outgoing
788-947-6027,396-909-1708,2018-03-10 00:03:00,2018-03-10 00:03:00,missed call
947-601-2803,788-947-6027,2018-02-25 14:50:00,2018-02-25 15:47:00,outgoing
583-139-1032,939-704-5084,2017-07-19 10:44:00,2017-07-19 11:26:00,outgoing
939-704-5084,990-255-2170,2018-10-04 00:21:00,2018-10-04 00:21:00,missed call
788-947-6027,396-909-1708,2018-06-18 14:34:00,2018-06-18 15:22:00,outgoing
216-732-0449,947-601-2803,2018-01-14 18:21:00,2018-01-14 19:01:00,incoming
939-704-5084,748-938-9285,2018-06-21 22:40:00,2018-06-21 23:11:00,outgoing
396-909-1708,583-139-1032,2017-02-01 01:25:00,2017-02-01 02:22:00,incoming
990-255-2170,583-139-1032,2018-12-21 19:08:00,2018-12-21 19:45:00,incoming
947-601-2803,939-704-5084,2017-12-07 22:40:00,2017-12-07 22:40:00,missed call
748-938-9285,939-704-5084,2017-04-14 15:08:00,2017-04-14 16:03:00,outgoing
148-346-8847,939-704-5084,2018-01-24 07:55:00,2018-01-24 07:55:00,missed call
216-732-0449,788-947-6027,2017-12-27 06:22:00,2017-12-27 06:22:00,missed call
939-704-5084,788-947-6027,2018-09-09 09:47:00,2018-09-09 09:47:00,missed call
148-346-8847,990-255-2170,2018-04-25 08:42:00,2018-04-25 08:42:00,missed call
990-255-2170,396-909-1708,2018-07-07 21:12:00,2018-07-07 21:38:00,outgoing
216-732-0449,788-947-6027,2019-05-18 01:30:00,2019-05-18 01:30:00,missed call
947-601-2803,788-947-6027,2019-01-06 05:05:00,2019-01-06 05:05:00,missed call
148-346-8847,947-601-2803,2018-07-14 21:32:00,2018-07-14 21:32:00,missed call
216-732-0449,396-909-1708,2019-01-01 06:15:00,2019-01-01 06:56:00,incoming
826-275-4326,583-139-1032,2017-04-19 20:25:00,2017-04-19 20:58:00,outgoing
583-139-1032,748-938-9285,2017-01-24 07:11:00,2017-01-24 07:11:00,missed call
788-947-6027,583-139-1032,2019-02-16 16:46:00,2019-02-16 17:27:00,incoming
826-275-4326,947-601-2803,2019-01-16 07:42:00,2019-01-16 07:42:00,missed call
148-346-8847,990-255-2170,2017-04-06 22:17:00,2017-04-06 22:17:00,missed call
148-346-8847,826-275-4326,2018-11-23 04:58:00,2018-11-23 05:57:00,outgoing
939-704-5084,826-275-4326,2018-04-15 03:15:00,2018-04-15 03:56:00,incoming
402-195-0411,928-557-7876,2017-02-17 20:18:00,2017-02-17 20:18:00,missed call
850-366-8818,847-520-1926,2018-02-22 08:45:00,2018-02-22 09:01:00,outgoing
800-140-3775,467-340-2943,2019-04-11 17:30:00,2019-04-11 17:30:00,missed call
836-978-6017,402-195-0411,2018-07-11 17:05:00,2018-07-11 17:45:00,outgoing
800-140-3775,618-131-0100,2017-11-01 08:23:00,2017-11-01 08:27:00,incoming
847-520-1926,618-131-0100,2019-03-25 05:35:00,2019-03-25 06:21:00,outgoing
836-978-6017,780-660-7356,2017-07-15 00:27:00,2017-07-15 01:07:00,incoming
800-140-3775,467-340-2943,2018-08-02 18:34:00,2018-08-02 18:34:00,missed call
850-366-8818,800-140-3775,2018-10-30 18:57:00,2018-10-30 19:05:00,incoming
800-140-3775,750-602-5075,2019-05-24 16:50:00,2019-05-24 17:24:00,incoming
928-557-7876,618-131-0100,2019-02-28 14:09:00,2019-02-28 14:23:00,outgoing
750-602-5075,850-366-8818,2017-08-20 00:52:00,2017-08-20 01:22:00,outgoing
800-140-3775,618-131-0100,2017-01-06 21:37:00,2017-01-06 21:48:00,outgoing
928-557-7876,750-602-5075,2018-05-16 00:37:00,2018-05-16 01:13:00,incoming
928-557-7876,850-366-8818,2019-04-25 18:46:00,2019-04-25 18:53:00,incoming
780-660-7356,402-195-0411,2018-07-10 02:07:00,2018-07-10 02:09:00,outgoing
928-557-7876,850-366-8818,2017-02-21 21:07:00,2017-02-21 21:39:00,incoming
928-557-7876,847-520-1926,2017-05-04 20:05:00,2017-05-04 20:50:00,outgoing
402-195-0411,750-602-5075,2018-03-31 19:20:00,2018-03-31 19:25:00,outgoing
800-140-3775,928-557-7876,2018-10-28 00:54:00,2018-10-28 01:17:00,incoming
836-978-6017,928-557-7876,2018-08-16 19:30:00,2018-08-16 20:27:00,incoming
836-978-6017,928-557-7876,2017-12-07 03:43:00,2017-12-07 04:20:00,outgoing
836-978-6017,928-557-7876,2019-05-14 06:32:00,2019-05-14 06:32:00,missed call
800-140-3775,780-660-7356,2018-03-14 21:34:00,2018-03-14 21:51:00,outgoing
780-660-7356,928-557-7876,2018-01-28 05:47:00,2018-01-28 05:47:00,missed call
928-557-7876,467-340-2943,2018-11-04 15:18:00,2018-11-04 15:35:00,incoming
750-602-5075,836-978-6017,2018-06-15 03:47:00,2018-06-15 04:16:00,outgoing
467-340-2943,836-978-6017,2017-10-22 00:31:00,2017-10-22 00:31:00,missed call
750-602-5075,402-195-0411,2018-02-01 16:28:00,2018-02-01 16:41:00,incoming
780-660-7356,618-131-0100,2017-11-09 16:29:00,2017-11-09 16:52:00,outgoing
928-557-7876,467-340-2943,2019-03-07 17:56:00,2019-03-07 17:56:00,missed call
800-140-3775,618-131-0100,2018-04-19 11:46:00,2018-04-19 11:46:00,missed call
800-140-3775,928-557-7876,2017-11-27 05:06:00,2017-11-27 05:06:00,missed call
618-131-0100,850-366-8818,2019-02-09 01:59:00,2019-02-09 02:17:00,incoming
850-366-8818,847-520-1926,2017-01-22 15:45:00,2017-01-22 16:30:00,outgoing
467-340-2943,847-520-1926,2019-05-05 06:16:00,2019-05-05 06:16:00,missed call
750-602-5075,800-140-3775,2018-11-17 14:32:00,2018-11-17 14:32:00,missed call
750-602-5075,780-660-7356,2017-01-11 05:52:00,2017-01-11 05:52:00,missed call
928-557-7876,402-195-0411,2019-04-15 22:48:00,2019-04-15 23:28:00,incoming
836-978-6017,467-340-2943,2018-01-13 15:00:00,2018-01-13 15:41:00,incoming
402-195-0411,836-978-6017,2018-12-23 13:19:00,2018-12-23 14:11:00,outgoing
750-602-5075,847-520-1926,2018-12-22 16:48:00,2018-12-22 17:33:00,incoming
850-366-8818,750-602-5075,2018-09-26 03:48:00,2018-09-26 04:26:00,outgoing
847-520-1926,928-557-7876,2018-03-25 14:20:00,2018-03-25 14:20:00,missed call
467-340-2943,618-131-0100,2018-10-25 07:46:00,2018-10-25 07:59:00,incoming
850-366-8818,800-140-3775,2018-08-11 06:05:00,2018-08-11 07:01:00,outgoing
847-520-1926,402-195-0411,2019-02-17 21:04:00,2019-02-17 21:04:00,missed call
928-557-7876,750-602-5075,2018-03-21 06:47:00,2018-03-21 06:47:00,missed call
836-978-6017,402-195-0411,2017-01-25 23:39:00,2017-01-26 00:15:00,outgoing
800-140-3775,847-520-1926,2018-03-17 18:10:00,2018-03-17 18:10:00,missed call
750-602-5075,800-140-3775,2017-05-18 10:47:00,2017-05-18 10:47:00,missed call
850-366-8818,780-660-7356,2018-07-23 11:10:00,2018-07-23 11:48:00,incoming
618-131-0100,800-140-3775,2019-05-08 08:31:00,2019-05-08 08:31:00,missed call
800-140-3775,850-366-8818,2017-05-28 09:04:00,2017-05-28 09:37:00,outgoing
850-366-8818,800-140-3775,2018-03-16 07:14:00,2018-03-16 07:29:00,incoming
467-340-2943,800-140-3775,2018-03-10 07:48:00,2018-03-10 08:19:00,incoming
928-557-7876,836-978-6017,2017-05-15 21:34:00,2017-05-15 21:34:00,missed call
402-195-0411,780-660-7356,2019-05-26 18:26:00,2019-05-26 19:13:00,incoming
847-520-1926,800-140-3775,2018-01-26 11:45:00,2018-01-26 12:08:00,incoming
800-140-3775,467-340-2943,2017-02-03 03:05:00,2017-02-03 03:05:00,missed call
850-366-8818,402-195-0411,2018-10-24 23:02:00,2018-10-24 23:14:00,outgoing
928-557-7876,800-140-3775,2017-11-25 10:47:00,2017-11-25 11:14:00,outgoing
750-602-5075,850-366-8818,2018-06-21 03:04:00,2018-06-21 03:04:00,missed call
850-366-8818,402-195-0411,2017-09-26 15:05:00,2017-09-26 15:05:00,missed call
467-340-2943,847-520-1926,2017-05-26 04:01:00,2017-05-26 04:48:00,incoming
850-366-8818,618-131-0100,2017-01-07 18:10:00,2017-01-07 18:10:00,missed call
836-978-6017,850-366-8818,2018-01-08 10:35:00,2018-01-08 11:12:00,incoming
467-340-2943,402-195-0411,2018-05-29 23:12:00,2018-05-30 00:12:00,outgoing
928-557-7876,780-660-7356,2019-05-17 09:29:00,2019-05-17 09:29:00,missed call
850-366-8818,800-140-3775,2018-10-27 15:04:00,2018-10-27 15:10:00,outgoing
928-557-7876,467-340-2943,2017-06-03 09:04:00,2017-06-03 09:04:00,missed call
850-366-8818,847-520-1926,2018-07-06 03:25:00,2018-07-06 03:35:00,incoming
402-195-0411,850-366-8818,2017-06-07 00:43:00,2017-06-07 00:58:00,outgoing
800-140-3775,850-366-8818,2017-08-04 05:17:00,2017-08-04 05:17:00,missed call
467-340-2943,847-520-1926,2017-10-10 10:50:00,2017-10-10 11:31:00,outgoing
847-520-1926,750-602-5075,2019-05-25 08:39:00,2019-05-25 09:22:00,incoming
800-140-3775,750-602-5075,2019-03-14 13:17:00,2019-03-14 13:39:00,incoming
847-520-1926,467-340-2943,2017-07-24 12:00:00,2017-07-24 12:57:00,outgoing
780-660-7356,836-978-6017,2018-03-10 14:27:00,2018-03-10 14:27:00,missed call
467-340-2943,928-557-7876,2017-03-07 15:45:00,2017-03-07 16:32:00,incoming
402-195-0411,467-340-2943,2018-05-30 16:57:00,2018-05-30 17:39:00,outgoing
750-602-5075,928-557-7876,2019-04-19 16:20:00,2019-04-19 16:55:00,outgoing
928-557-7876,467-340-2943,2018-12-23 18:10:00,2018-12-23 18:39:00,incoming
618-131-0100,847-520-1926,2017-10-02 03:54:00,2017-10-02 03:54:00,missed call
847-520-1926,618-131-0100,2017-09-12 14:18:00,2017-09-12 14:18:00,missed call
928-557-7876,750-602-5075,2017-07-15 06:48:00,2017-07-15 07:16:00,incoming
467-340-2943,750-602-5075,2018-08-04 07:16:00,2018-08-04 07:17:00,outgoing
750-602-5075,836-978-6017,2017-01-05 18:49:00,2017-01-05 19:35:00,incoming
618-131-0100,847-520-1926,2019-02-12 15:02:00,2019-02-12 15:02:00,missed call
402-195-0411,750-602-5075,2017-11-12 03:32:00,2017-11-12 03:54:00,outgoing
402-195-0411,750-602-5075,2017-03-12 20:15:00,2017-03-12 20:24:00,outgoing
618-131-0100,850-366-8818,2019-03-07 05:59:00,2019-03-07 05:59:00,missed call
850-366-8818,750-602-5075,2017-06-19 18:33:00,2017-06-19 19:15:00,outgoing
263-435-6327,325-139-4088,2018-08-08 21:32:00,2018-08-08 21:32:00,missed call
325-139-4088,140-766-7286,2017-07-24 14:49:00,2017-07-24 15:43:00,incoming
340-659-7071,263-435-6327,2019-02-23 15:29:00,2019-02-23 15:29:00,missed call
293-776-2788,263-435-6327,2017-02-28 08:43:00,2017-02-28 09:35:00,incoming
293-776-2788,767-924-6502,2019-01-04 07:13:00,2019-01-04 07:13:00,missed call
796-387-5648,206-578-3516,2018-06-06 09:12:00,2018-06-06 09:12:00,missed call
140-766-7286,767-924-6502,2017-02-15 21:58:00,2017-02-15 21:58:00,missed call
325-139-4088,340-659-7071,2018-12-05 15:08:00,2018-12-05 15:08:00,missed call
206-578-3516,982-776-6449,2017-09-03 06:45:00,2017-09-03 06:45:00,missed call
325-139-4088,767-924-6502,2017-03-23 23:24:00,2017-03-23 23:24:00,missed call
325-139-4088,206-578-3516,2017-07-15 10:54:00,2017-07-15 10:54:00,missed call
796-387-5648,140-766-7286,2017-12-13 05:25:00,2017-12-13 05:44:00,incoming
767-924-6502,263-435-6327,2017-07-18 14:35:00,2017-07-18 14:39:00,incoming
796-387-5648,206-578-3516,2019-03-29 22:36:00,2019-03-29 23:31:00,outgoing
982-776-6449,930-883-1524,2018-11-28 18:46:00,2018-11-28 19:10:00,outgoing
796-387-5648,140-766-7286,2018-12-31 18:11:00,2018-12-31 18:29:00,incoming
796-387-5648,263-435-6327,2017-07-23 21:11:00,2017-07-23 21:40:00,incoming
325-139-4088,930-883-1524,2017-10-24 16:08:00,2017-10-24 16:20:00,incoming
767-924-6502,140-766-7286,2017-04-28 19:24:00,2017-04-28 19:24:00,missed call
982-776-6449,796-387-5648,2018-11-25 02:30:00,2018-11-25 02:30:00,missed call
796-387-5648,340-659-7071,2018-11-20 08:51:00,2018-11-20 09:04:00,outgoing
340-659-7071,293-776-2788,2018-10-28 18:22:00,2018-10-28 19:19:00,incoming
140-766-7286,293-776-2788,2019-01-03 14:52:00,2019-01-03 14:52:00,missed call
140-766-7286,982-776-6449,2017-11-19 00:17:00,2017-11-19 00:17:00,missed call
263-435-6327,930-883-1524,2018-03-10 15:35:00,2018-03-10 16:34:00,outgoing
982-776-6449,796-387-5648,2018-02-07 00:33:00,2018-02-07 00:33:00,incoming
206-578-3516,263-435-6327,2018-11-01 01:07:00,2018-11-01 01:43:00,outgoing
293-776-2788,206-578-3516,2018-05-03 14:18:00,2018-05-03 14:23:00,incoming
263-435-6327,293-776-2788,2018-04-19 03:45:00,2018-04-19 03:52:00,incoming
340-659-7071,930-883-1524,2018-09-07 13:51:00,2018-09-07 14:32:00,incoming
796-387-5648,340-659-7071,2018-10-10 19:03:00,2018-10-10 19:55:00,outgoing
140-766-7286,263-435-6327,2017-02-23 22:20:00,2017-02-23 22:41:00,outgoing
982-776-6449,206-578-3516,2019-02-27 19:40:00,2019-02-27 19:40:00,outgoing
767-924-6502,340-659-7071,2017-11-02 20:11:00,2017-11-02 20:11:00,missed call
263-435-6327,767-924-6502,2018-06-21 08:45:00,2018-06-21 09:17:00,incoming
293-776-2788,325-139-4088,2018-09-15 21:39:00,2018-09-15 22:19:00,outgoing
293-776-2788,206-578-3516,2018-09-28 04:21:00,2018-09-28 04:51:00,outgoing
140-766-7286,325-139-4088,2017-11-16 06:08:00,2017-11-16 06:08:00,missed call
930-883-1524,263-435-6327,2019-03-16 19:52:00,2019-03-16 19:52:00,missed call
263-435-6327,293-776-2788,2017-04-14 21:07:00,2017-04-14 21:16:00,outgoing
325-139-4088,767-924-6502,2017-11-01 05:40:00,2017-11-01 05:40:00,missed call
293-776-2788,982-776-6449,2018-11-24 10:42:00,2018-11-24 11:38:00,outgoing
140-766-7286,340-659-7071,2017-02-22 04:24:00,2017-02-22 04:48:00,outgoing
796-387-5648,930-883-1524,2018-06-07 05:33:00,2018-06-07 05:33:00,missed call
325-139-4088,293-776-2788,2019-05-25 05:31:00,2019-05-25 06:28:00,incoming
796-387-5648,340-659-7071,2019-01-05 06:50:00,2019-01-05 06:50:00,missed call
982-776-6449,340-659-7071,2018-03-30 23:57:00,2018-03-31 00:15:00,outgoing
796-387-5648,206-578-3516,2019-02-26 10:29:00,2019-02-26 10:29:00,missed call
206-578-3516,325-139-4088,2017-01-06 13:11:00,2017-01-06 13:11:00,missed call
796-387-5648,340-659-7071,2017-07-22 15:02:00,2017-07-22 15:03:00,outgoing
796-387-5648,982-776-6449,2018-05-19 13:36:00,2018-05-19 14:09:00,incoming
293-776-2788,325-139-4088,2018-05-04 19:08:00,2018-05-04 19:55:00,incoming
796-387-5648,930-883-1524,2019-04-13 05:57:00,2019-04-13 06:54:00,incoming
206-578-3516,930-883-1524,2018-06-09 13:10:00,2018-06-09 13:31:00,incoming
263-435-6327,340-659-7071,2018-05-10 08:37:00,2018-05-10 08:37:00,missed call
325-139-4088,982-776-6449,2017-01-31 10:11:00,2017-01-31 10:58:00,incoming
340-659-7071,293-776-2788,2018-08-29 07:28:00,2018-08-29 08:07:00,incoming
263-435-6327,930-883-1524,2017-06-12 23:13:00,2017-06-12 23:34:00,outgoing
293-776-2788,340-659-7071,2018-11-16 16:06:00,2018-11-16 16:50:00,incoming
767-924-6502,263-435-6327,2018-04-12 10:48:00,2018-04-12 10:48:00,missed call
930-883-1524,206-578-3516,2018-01-24 17:32:00,2018-01-24 18:27:00,incoming
325-139-4088,796-387-5648,2017-05-21 04:19:00,2017-05-21 05:18:00,incoming
325-139-4088,796-387-5648,2017-11-04 00:36:00,2017-11-04 01:15:00,incoming
325-139-4088,982-776-6449,2017-11-23 22:54:00,2017-11-23 22:54:00,missed call
340-659-7071,140-766-7286,2018-04-06 02:10:00,2018-04-06 03:07:00,outgoing
206-578-3516,140-766-7286,2018-11-10 12:07:00,2018-11-10 12:42:00,incoming
263-435-6327,140-766-7286,2018-08-15 12:38:00,2018-08-15 12:38:00,missed call
206-578-3516,293-776-2788,2018-07-10 00:02:00,2018-07-10 00:11:00,incoming
982-776-6449,206-578-3516,2017-09-09 09:03:00,2017-09-09 09:46:00,incoming
340-659-7071,140-766-7286,2017-10-06 12:52:00,2017-10-06 12:52:00,missed call
206-578-3516,325-139-4088,2017-06-22 13:39:00,2017-06-22 13:39:00,missed call
796-387-5648,263-435-6327,2018-12-25 20:00:00,2018-12-25 20:00:00,missed call
930-883-1524,206-578-3516,2019-05-03 01:54:00,2019-05-03 02:22:00,incoming
325-139-4088,930-883-1524,2017-12-08 14:57:00,2017-12-08 15:38:00,incoming
263-435-6327,796-387-5648,2019-04-19 23:54:00,2019-04-20 00:00:00,outgoing
206-578-3516,293-776-2788,2018-08-28 22:45:00,2018-08-28 22:45:00,missed call
982-776-6449,140-766-7286,2018-06-10 05:02:00,2018-06-10 05:16:00,outgoing
206-578-3516,263-435-6327,2018-10-07 20:14:00,2018-10-07 21:09:00,incoming
930-883-1524,767-924-6502,2017-05-04 16:09:00,2017-05-04 17:05:00,outgoing
796-387-5648,206-578-3516,2017-07-02 07:44:00,2017-07-02 07:54:00,incoming
796-387-5648,930-883-1524,2018-08-13 11:55:00,2018-08-13 12:40:00,incoming
982-776-6449,206-578-3516,2018-10-09 20:05:00,2018-10-09 20:05:00,missed call
930-883-1524,293-776-2788,2017-03-19 14:54:00,2017-03-19 14:54:00,missed call
140-766-7286,982-776-6449,2018-01-22 10:38:00,2018-01-22 10:38:00,missed call
796-387-5648,767-924-6502,2017-01-30 13:31:00,2017-01-30 13:31:00,missed call
930-883-1524,263-435-6327,2019-02-14 22:57:00,2019-02-14 22:57:00,missed call
325-139-4088,206-578-3516,2017-06-11 07:37:00,2017-06-11 07:37:00,missed call
325-139-4088,767-924-6502,2017-01-22 19:31:00,2017-01-22 19:31:00,missed call
930-883-1524,796-387-5648,2017-01-28 18:02:00,2017-01-28 18:13:00,incoming
982-776-6449,263-435-6327,2017-09-04 06:19:00,2017-09-04 06:19:00,missed call
340-659-7071,982-776-6449,2019-01-28 21:19:00,2019-01-28 21:26:00,outgoing
340-659-7071,140-766-7286,2017-04-04 12:17:00,2017-04-04 12:17:00,missed call
340-659-7071,140-766-7286,2017-03-13 03:45:00,2017-03-13 03:56:00,outgoing
601-731-1319,383-846-9276,2018-09-28 13:45:00,2018-09-28 14:17:00,outgoing
383-846-9276,405-551-9628,2019-01-14 07:25:00,2019-01-14 07:30:00,outgoing
316-509-6010,584-730-4332,2019-05-28 22:37:00,2019-05-28 23:23:00,outgoing
383-846-9276,601-731-1319,2018-03-08 14:45:00,2018-03-08 15:40:00,incoming
213-258-9812,601-731-1319,2018-08-29 16:53:00,2018-08-29 17:41:00,incoming
187-944-3133,213-258-9812,2017-11-04 22:02:00,2017-11-04 22:02:00,missed call
601-731-1319,316-509-6010,2017-12-25 02:59:00,2017-12-25 03:03:00,incoming
383-846-9276,218-336-5006,2017-08-14 10:57:00,2017-08-14 11:57:00,outgoing
218-336-5006,601-731-1319,2018-06-11 23:21:00,2018-06-11 23:34:00,outgoing
895-124-5982,213-258-9812,2018-04-14 11:25:00,2018-04-14 11:25:00,missed call
383-846-9276,218-336-5006,2018-11-14 03:58:00,2018-11-14 04:41:00,incoming
316-509-6010,187-944-3133,2017-06-15 00:12:00,2017-06-15 00:43:00,incoming
213-258-9812,895-124-5982,2017-05-27 17:04:00,2017-05-27 17:33:00,outgoing
218-336-5006,405-551-9628,2017-08-18 13:09:00,2017-08-18 13:12:00,incoming
187-944-3133,316-509-6010,2018-04-03 17:03:00,2018-04-03 17:58:00,incoming
218-336-5006,187-944-3133,2019-05-24 11:12:00,2019-05-24 11:14:00,incoming
895-124-5982,601-731-1319,2017-01-29 03:41:00,2017-01-29 04:16:00,outgoing
601-731-1319,218-336-5006,2017-07-09 15:53:00,2017-07-09 16:14:00,incoming
957-333-2796,895-124-5982,2018-09-17 22:04:00,2018-09-17 22:04:00,missed call
405-551-9628,187-944-3133,2017-12-04 21:52:00,2017-12-04 21:52:00,missed call
383-846-9276,601-731-1319,2017-08-30 20:00:00,2017-08-30 20:22:00,outgoing
383-846-9276,405-551-9628,2017-08-11 14:21:00,2017-08-11 14:34:00,incoming
218-336-5006,213-258-9812,2019-02-22 11:09:00,2019-02-22 11:32:00,incoming
405-551-9628,218-336-5006,2017-05-01 07:47:00,2017-05-01 08:29:00,outgoing
218-336-5006,584-730-4332,2019-02-13 09:01:00,2019-02-13 09:01:00,missed call
601-731-1319,187-944-3133,2018-11-19 00:50:00,2018-11-19 01:33:00,incoming
218-336-5006,601-731-1319,2017-12-17 04:50:00,2017-12-17 05:18:00,outgoing
895-124-5982,316-509-6010,2018-06-22 05:34:00,2018-06-22 05:45:00,incoming
957-333-2796,895-124-5982,2018-07-26 02:23:00,2018-07-26 02:25:00,outgoing
601-731-1319,405-551-9628,2017-12-13 19:55:00,2017-12-13 20:47:00,incoming
584-730-4332,601-731-1319,2018-05-30 17:03:00,2018-05-30 17:43:00,incoming
895-124-5982,584-730-4332,2019-01-10 11:37:00,2019-01-10 11:47:00,incoming
405-551-9628,895-124-5982,2018-04-24 11:20:00,2018-04-24 11:37:00,outgoing
895-124-5982,218-336-5006,2018-01-03 09:45:00,2018-01-03 09:45:00,missed call
187-944-3133,957-333-2796,2017-05-09 20:18:00,2017-05-09 21:09:00,incoming
957-333-2796,601-731-1319,2018-04-13 03:52:00,2018-04-13 03:52:00,missed call
601-731-1319,213-258-9812,2019-05-05 12:42:00,2019-05-05 13:28:00,incoming
405-551-9628,957-333-2796,2017-11-05 02:17:00,2017-11-05 02:39:00,outgoing
218-336-5006,584-730-4332,2018-09-22 03:51:00,2018-09-22 03:55:00,incoming
316-509-6010,218-336-5006,2017-06-21 00:57:00,2017-06-21 01:21:00,incoming
213-258-9812,584-730-4332,2017-03-22 22:51:00,2017-03-22 23:04:00,outgoing
316-509-6010,383-846-9276,2018-08-20 03:57:00,2018-08-20 03:57:00,missed call
601-731-1319,218-336-5006,2019-03-22 08:04:00,2019-03-22 08:04:00,missed call
405-551-9628,187-944-3133,2019-04-23 09:26:00,2019-04-23 09:41:00,outgoing
316-509-6010,218-336-5006,2018-06-22 16:22:00,2018-06-22 17:09:00,outgoing
383-846-9276,895-124-5982,2018-04-11 05:49:00,2018-04-11 06:47:00,outgoing
405-551-9628,218-336-5006,2017-09-28 22:55:00,2017-09-28 23:39:00,outgoing
218-336-5006,895-124-5982,2019-01-08 14:56:00,2019-01-08 15:33:00,incoming
218-336-5006,405-551-9628,2017-05-02 03:45:00,2017-05-02 03:45:00,missed call
405-551-9628,187-944-3133,2017-03-24 06:15:00,2017-03-24 06:42:00,outgoing
601-731-1319,187-944-3133,2017-10-02 13:09:00,2017-10-02 14:01:00,outgoing
213-258-9812,383-846-9276,2019-03-01 04:10:00,2019-03-01 04:32:00,incoming
213-258-9812,957-333-2796,2019-01-06 14:21:00,2019-01-06 14:56:00,outgoing
316-509-6010,584-730-4332,2019-03-21 09:25:00,2019-03-21 09:25:00,missed call
213-258-9812,383-846-9276,2017-12-21 23:38:00,2017-12-22 00:32:00,incoming
405-551-9628,187-944-3133,2019-03-07 22:26:00,2019-03-07 22:26:00,missed call
218-336-5006,316-509-6010,2018-06-21 17:36:00,2018-06-21 18:16:00,incoming
383-846-9276,218-336-5006,2019-01-24 07:14:00,2019-01-24 07:16:00,incoming
316-509-6010,213-258-9812,2018-06-17 14:59:00,2018-06-17 15:37:00,outgoing
316-509-6010,957-333-2796,2019-01-14 11:46:00,2019-01-14 11:47:00,incoming
383-846-9276,316-509-6010,2018-11-25 16:18:00,2018-11-25 16:18:00,missed call
584-730-4332,895-124-5982,2017-12-23 18:50:00,2017-12-23 19:46:00,outgoing
316-509-6010,213-258-9812,2019-03-30 13:40:00,2019-03-30 14:30:00,incoming
213-258-9812,584-730-4332,2017-06-14 05:05:00,2017-06-14 05:20:00,incoming
895-124-5982,405-551-9628,2018-02-28 04:46:00,2018-02-28 05:31:00,incoming
405-551-9628,601-731-1319,2017-02-15 13:21:00,2017-02-15 13:21:00,missed call
405-551-9628,895-124-5982,2018-12-21 06:52:00,2018-12-21 07:02:00,outgoing
405-551-9628,218-336-5006,2017-08-12 16:59:00,2017-08-12 17:09:00,incoming
957-333-2796,213-258-9812,2017-12-01 21:44:00,2017-12-01 22:07:00,outgoing
383-846-9276,213-258-9812,2017-08-09 07:57:00,2017-08-09 07:58:00,outgoing
405-551-9628,316-509-6010,2018-02-22 20:41:00,2018-02-22 21:27:00,incoming
383-846-9276,957-333-2796,2019-02-27 06:16:00,2019-02-27 06:21:00,incoming
213-258-9812,601-731-1319,2019-02-19 14:10:00,2019-02-19 14:11:00,outgoing
895-124-5982,316-509-6010,2017-03-01 02:01:00,2017-03-01 02:08:00,incoming
316-509-6010,213-258-9812,2018-04-29 18:15:00,2018-04-29 18:15:00,missed call
218-336-5006,383-846-9276,2018-05-20 19:48:00,2018-05-20 20:29:00,incoming
405-551-9628,584-730-4332,2017-02-05 20:43:00,2017-02-05 21:15:00,outgoing
895-124-5982,957-333-2796,2018-10-29 12:03:00,2018-10-29 12:57:00,outgoing
218-336-5006,601-731-1319,2017-02-23 18:28:00,2017-02-23 18:28:00,missed call
383-846-9276,957-333-2796,2018-04-24 02:11:00,2018-04-24 02:59:00,outgoing
405-551-9628,957-333-2796,2018-08-30 05:52:00,2018-08-30 06:22:00,incoming
405-551-9628,584-730-4332,2018-08-03 17:14:00,2018-08-03 18:10:00,incoming
187-944-3133,957-333-2796,2018-10-29 06:02:00,2018-10-29 06:02:00,missed call
316-509-6010,601-731-1319,2017-07-09 07:06:00,2017-07-09 07:06:00,missed call
584-730-4332,218-336-5006,2017-08-25 16:35:00,2017-08-25 16:35:00,missed call
383-846-9276,584-730-4332,2018-06-22 05:42:00,2018-06-22 05:45:00,outgoing
957-333-2796,405-551-9628,2018-06-04 16:01:00,2018-06-04 16:27:00,incoming
601-731-1319,895-124-5982,2018-10-07 12:40:00,2018-10-07 12:40:00,missed call
970-993-8026,774-657-9292,2017-08-18 09:05:00,2017-08-18 09:40:00,incoming
536-239-6814,774-657-9292,2018-09-09 10:07:00,2018-09-09 10:46:00,outgoing
970-993-8026,428-350-2427,2019-02-02 23:02:00,2019-02-02 23:09:00,incoming
970-993-8026,331-834-0866,2019-02-15 06:30:00,2019-02-15 07:05:00,incoming
774-657-9292,428-350-2427,2018-07-28 15:34:00,2018-07-28 15:34:00,missed call
807-100-9376,970-993-8026,2019-01-15 06:05:00,2019-01-15 06:55:00,incoming
428-350-2427,599-973-4430,2019-05-10 12:55:00,2019-05-10 13:45:00,incoming
807-100-9376,599-973-4430,2018-04-11 21:34:00,2018-04-11 22:05:00,incoming
536-239-6814,859-101-3047,2018-05-04 09:58:00,2018-05-04 10:35:00,outgoing
774-657-9292,331-834-0866,2017-02-06 02:36:00,2017-02-06 02:52:00,outgoing
536-239-6814,807-100-9376,2017-02-28 19:22:00,2017-02-28 20:10:00,incoming
970-993-8026,266-211-4593,2018-02-20 17:41:00,2018-02-20 18:10:00,outgoing
331-834-0866,599-973-4430,2018-09-02 00:43:00,2018-09-02 00:52:00,incoming
331-834-0866,859-101-3047,2018-02-27 07:20:00,2018-02-27 07:58:00,outgoing
859-101-3047,774-657-9292,2017-10-18 11:58:00,2017-10-18 12:38:00,outgoing
774-657-9292,807-100-9376,2018-03-17 09:42:00,2018-03-17 09:42:00,missed call
428-350-2427,859-101-3047,2018-04-24 15:29:00,2018-04-24 16:12:00,incoming
774-657-9292,536-239-6814,2017-04-04 11:56:00,2017-04-04 12:15:00,incoming
599-973-4430,428-350-2427,2019-05-01 10:07:00,2019-05-01 10:15:00,outgoing
753-841-4764,774-657-9292,2018-08-01 06:42:00,2018-08-01 07:02:00,incoming
536-239-6814,599-973-4430,2019-02-08 20:11:00,2019-02-08 20:20:00,outgoing
859-101-3047,970-993-8026,2019-02-21 12:01:00,2019-02-21 12:01:00,missed call
266-211-4593,970-993-8026,2017-12-23 09:26:00,2017-12-23 09:26:00,missed call
859-101-3047,266-211-4593,2019-03-19 04:10:00,2019-03-19 04:10:00,missed call
536-239-6814,970-993-8026,2018-07-03 12:08:00,2018-07-03 12:10:00,outgoing
331-834-0866,599-973-4430,2017-02-12 07:05:00,2017-02-12 07:23:00,outgoing
428-350-2427,807-100-9376,2019-01-09 19:37:00,2019-01-09 19:37:00,missed call
428-350-2427,774-657-9292,2019-05-11 16:33:00,2019-05-11 16:33:00,missed call
428-350-2427,807-100-9376,2019-01-10 12:39:00,2019-01-10 12:52:00,outgoing
331-834-0866,428-350-2427,2017-07-19 04:57:00,2017-07-19 04:57:00,missed call
331-834-0866,266-211-4593,2018-04-08 07:36:00,2018-04-08 07:36:00,missed call
970-993-8026,807-100-9376,2017-11-19 09:20:00,2017-11-19 09:28:00,incoming
774-657-9292,807-100-9376,2018-02-06 13:33:00,2018-02-06 13:33:00,missed call
753-841-4764,807-100-9376,2019-04-28 00:27:00,2019-04-28 00:27:00,missed call
599-973-4430,753-841-4764,2017-09-05 23:49:00,2017-09-06 00:29:00,outgoing
774-657-9292,807-100-9376,2017-07-14 10:41:00,2017-07-14 10:54:00,outgoing
266-211-4593,599-973-4430,2018-08-16 23:49:00,2018-08-16 23:49:00,missed call
970-993-8026,753-841-4764,2019-02-15 05:15:00,2019-02-15 05:47:00,incoming
536-239-6814,753-841-4764,2017-05-08 13:20:00,2017-05-08 14:07:00,incoming
970-993-8026,859-101-3047,2018-05-31 22:12:00,2018-05-31 22:48:00,incoming
807-100-9376,331-834-0866,2018-06-17 05:01:00,2018-06-17 05:57:00,incoming
536-239-6814,599-973-4430,2018-07-11 11:45:00,2018-07-11 12:07:00,incoming
599-973-4430,266-211-4593,2018-07-27 23:25:00,2018-07-27 23:41:00,outgoing
599-973-4430,428-350-2427,2017-08-19 20:03:00,2017-08-19 20:20:00,incoming
266-211-4593,859-101-3047,2019-04-20 00:48:00,2019-04-20 00:48:00,missed call
807-100-9376,331-834-0866,2017-01-19 04:16:00,2017-01-19 05:02:00,incoming
807-100-9376,266-211-4593,2018-10-15 16:30:00,2018-10-15 16:42:00,outgoing
859-101-3047,331-834-0866,2018-10-17 22:33:00,2018-10-17 22:51:00,incoming
859-101-3047,331-834-0866,2017-03-23 01:10:00,2017-03-23 01:10:00,missed call
859-101-3047,753-841-4764,2018-01-25 08:57:00,2018-01-25 09:52:00,incoming
753-841-4764,536-239-6814,2018-03-23 18:56:00,2018-03-23 19:47:00,outgoing
536-239-6814,774-657-9292,2018-04-07 20:40:00,2018-04-07 20:40:00,missed call
536-239-6814,266-211-4593,2018-02-03 20:45:00,2018-02-03 20:45:00,missed call
331-834-0866,599-973-4430,2019-03-15 16:22:00,2019-03-15 16:22:00,missed call
331-834-0866,599-973-4430,2019-03-02 04:23:00,2019-03-02 04:23:00,missed call
753-841-4764,774-657-9292,2018-06-06 01:37:00,2018-06-06 01:44:00,incoming
807-100-9376,266-211-4593,2017-05-12 12:59:00,2017-05-12 12:59:00,missed call
266-211-4593,536-239-6814,2017-11-13 00:22:00,2017-11-13 00:22:00,missed call
859-101-3047,807-100-9376,2018-06-29 04:18:00,2018-06-29 04:27:00,incoming
266-211-4593,428-350-2427,2017-05-13 18:43:00,2017-05-13 19:04:00,outgoing
599-973-4430,774-657-9292,2018-06-13 09:15:00,2018-06-13 09:15:00,missed call
266-211-4593,807-100-9376,2017-09-23 11:18:00,2017-09-23 11:42:00,outgoing
970-993-8026,807-100-9376,2018-06-03 22:40:00,2018-06-03 22:49:00,incoming
859-101-3047,599-973-4430,2019-04-21 01:33:00,2019-04-21 01:33:00,missed call
599-973-4430,774-657-9292,2017-12-30 05:47:00,2017-12-30 06:09:00,outgoing
331-834-0866,428-350-2427,2018-12-23 17:59:00,2018-12-23 18:41:00,outgoing
859-101-3047,970-993-8026,2018-12-30 07:27:00,2018-12-30 07:27:00,missed call
807-100-9376,753-841-4764,2018-02-24 14:34:00,2018-02-24 14:34:00,missed call
331-834-0866,774-657-9292,2018-02-24 22:49:00,2018-02-24 23:12:00,incoming
266-211-4593,599-973-4430,2018-06-19 19:35:00,2018-06-19 20:08:00,outgoing
753-841-4764,599-973-4430,2018-10-12 06:20:00,2018-10-12 06:20:00,missed call
266-211-4593,428-350-2427,2018-02-26 10:35:00,2018-02-26 10:46:00,outgoing
774-657-9292,331-834-0866,2018-06-03 18:11:00,2018-06-03 19:05:00,incoming
266-211-4593,599-973-4430,2018-01-08 12:40:00,2018-01-08 12:40:00,incoming
753-841-4764,331-834-0866,2017-12-31 01:42:00,2017-12-31 01:46:00,outgoing
970-993-8026,774-657-9292,2017-07-22 15:31:00,2017-07-22 16:31:00,incoming
331-834-0866,266-211-4593,2017-06-22 01:27:00,2017-06-22 01:27:00,missed call
599-973-4430,536-239-6814,2018-02-26 23:48:00,2018-02-27 00:16:00,outgoing
536-239-6814,331-834-0866,2019-05-21 21:50:00,2019-05-21 21:50:00,missed call
970-993-8026,266-211-4593,2017-04-26 15:37:00,2017-04-26 15:59:00,outgoing
753-841-4764,599-973-4430,2019-03-12 16:42:00,2019-03-12 16:42:00,missed call
807-100-9376,536-239-6814,2017-11-10 06:10:00,2017-11-10 06:11:00,outgoing
859-101-3047,774-657-9292,2017-07-05 11:51:00,2017-07-05 11:54:00,incoming
428-350-2427,859-101-3047,2018-01-02 18:34:00,2018-01-02 19:20:00,incoming
536-239-6814,970-993-8026,2018-06-02 04:59:00,2018-06-02 05:09:00,outgoing
774-657-9292,753-841-4764,2019-01-05 21:20:00,2019-01-05 22:10:00,outgoing
807-100-9376,536-239-6814,2018-11-03 23:17:00,2018-11-03 23:17:00,missed call
970-993-8026,599-973-4430,2019-01-13 22:18:00,2019-01-13 22:52:00,incoming
599-973-4430,536-239-6814,2017-04-06 19:14:00,2017-04-06 20:11:00,incoming
